Year,Country,Region,Crop_Type,Avg_Temperature_C,Annual_Rainfall_mm,Extreme_Weather_Days,Soil_pH,Fertilizer_Usage_kg_ha,Irrigation_Access_Pct,Pesticide_Usage_kg_ha,CO2_Emissions_MT,Yield_Tons_Per_Ha,Economic_Loss_Million_USD,Climate_Risk_Level
2014,Nigeria,Sub-Saharan Africa,Soybeans,28.7,1733.1,29,7.11,102.0,22.8,2.56,55.5,2.99,12.35,Severe
2016,Indonesia,Southeast Asia,Wheat,24.8,346.3,23,6.63,110.1,17.3,2.36,57.9,5.07,0.0,Severe
2013,France,Europe,Soybeans,12.2,1039.5,7,7.61,155.9,44.9,4.1,45.9,3.0,4.89,Low
2017,China,East Asia,Barley,13.8,698.1,14,6.43,156.5,76.1,2.87,59.9,5.06,0.0,Moderate
2008,Indonesia,Southeast Asia,Barley,24.7,1020.3,17,5.68,48.1,15.8,3.9,43.7,3.87,3.55,Moderate
2006,Germany,Europe,Wheat,17.7,816.4,15,7.38,226.6,44.8,1.96,57.7,4.68,0.0,Moderate
2004,Brazil,South America,Wheat,26.2,1501.5,16,6.99,48.3,,2.96,54.1,4.81,0.0,High
2018,Nigeria,Sub-Saharan Africa,Maize,25.9,1375.5,33,6.18,124.0,,3.76,58.2,7.08,4.35,Severe
2012,France,Europe,Soybeans,6.0,919.1,10,6.02,166.3,51.1,3.31,54.2,0.85,27.18,Low
2018,United States,North America,Wheat,14.2,917.6,9,7.8,259.0,62.4,4.55,75.3,4.88,0.0,Low
2021,Canada,North America,Coffee,11.7,865.4,18,6.16,140.4,81.8,1.49,71.0,0.54,49.11,Moderate
2007,Nigeria,Sub-Saharan Africa,Rice,28.0,1064.1,27,6.99,72.9,20.7,1.85,34.1,5.18,4.44,High
2004,Indonesia,Southeast Asia,Barley,26.3,1263.2,24,,115.4,28.9,4.14,71.3,4.17,0.0,High
2017,Canada,North America,Coffee,13.7,274.1,14,5.7,147.9,89.7,3.17,53.9,1.74,10.14,Severe
2021,Australia,Oceania,Maize,17.7,470.5,22,,156.4,78.7,6.21,71.3,6.93,5.2,High
2002,Brazil,South America,Soybeans,23.0,1396.5,24,6.7,146.7,39.0,3.76,72.8,4.74,0.0,High
2020,Argentina,South America,Barley,22.6,1155.9,15,5.53,93.1,49.3,1.94,85.7,4.04,0.48,Moderate
2008,Kenya,Sub-Saharan Africa,Wheat,24.3,864.3,19,6.81,129.6,29.7,3.77,61.5,5.19,0.0,High
2022,Indonesia,Southeast Asia,Maize,27.6,1056.7,25,7.22,65.0,36.9,3.59,48.8,6.9,5.21,High
2006,Indonesia,Southeast Asia,Barley,25.5,2036.2,24,5.28,141.1,46.9,3.41,42.7,3.97,1.7,High
2022,India,South Asia,Coffee,31.8,962.9,28,7.0,92.1,17.9,3.5,98.3,1.71,18.84,Severe
2025,Brazil,South America,Soybeans,27.8,1780.1,22,6.36,115.2,25.7,5.26,59.5,3.76,0.0,High
2009,Nigeria,Sub-Saharan Africa,Rice,26.9,1464.6,28,7.43,119.3,42.0,3.87,68.2,5.04,8.04,High
2011,Australia,Oceania,Barley,21.2,746.7,10,6.67,126.7,75.3,2.52,51.1,5.34,0.0,Low
2012,India,South Asia,Rice,28.1,1172.4,26,5.38,137.0,42.4,2.8,52.8,5.75,0.0,High
2022,Indonesia,Southeast Asia,Wheat,28.0,1488.9,35,6.51,115.3,20.2,4.22,68.5,4.07,9.59,Severe
2011,France,Europe,Maize,15.1,825.1,7,4.8,126.3,73.8,4.44,83.9,6.43,6.12,Low
2025,Germany,Europe,Coffee,15.2,1045.0,14,6.87,174.1,57.5,4.69,69.8,2.15,0.27,Moderate
2004,Germany,Europe,Rice,8.9,865.8,6,6.39,191.6,69.1,2.4,27.3,2.91,15.93,Low
2007,Argentina,South America,Soybeans,20.3,1496.8,14,6.8,111.0,62.3,3.3,49.3,4.46,0.0,Moderate
2012,Indonesia,Southeast Asia,Barley,27.5,1204.4,24,6.53,106.8,18.7,2.72,81.7,4.16,0.0,High
2011,France,Europe,Maize,19.4,674.9,16,6.78,170.6,56.8,2.06,48.6,7.16,1.88,Moderate
2016,Australia,Oceania,Coffee,18.4,297.9,18,6.26,110.6,,3.36,76.6,2.22,0.0,Severe
2010,Canada,North America,Wheat,10.4,507.4,13,6.67,234.2,88.5,3.51,40.6,4.9,0.0,Moderate
2007,Canada,North America,Soybeans,13.8,764.8,11,7.04,159.3,63.8,4.74,48.7,3.87,0.0,Moderate
2005,Indonesia,Southeast Asia,Rice,28.0,1763.7,21,6.65,126.8,42.7,2.7,47.8,6.11,0.0,High
2003,United States,North America,Barley,17.3,821.2,8,7.22,119.1,78.4,3.73,23.8,5.58,0.0,Low
2007,Kenya,Sub-Saharan Africa,Soybeans,24.0,936.6,20,6.78,136.8,58.7,3.22,47.4,4.66,0.0,High
2005,China,East Asia,Barley,19.8,422.2,17,5.13,131.7,40.3,3.77,65.5,4.53,0.0,Moderate
2013,Argentina,South America,Coffee,22.3,945.4,27,7.01,187.8,48.1,2.11,48.9,2.94,0.0,High
2014,Brazil,South America,Maize,24.1,1253.4,15,6.63,181.6,34.1,2.43,47.5,7.1,2.61,Moderate
2014,Canada,North America,Soybeans,12.9,930.3,14,5.3,245.9,69.3,4.37,36.9,3.28,3.56,Moderate
2020,India,South Asia,Coffee,26.2,980.9,18,5.98,80.2,23.0,3.5,68.4,2.61,0.0,High
2021,Argentina,South America,Coffee,22.0,1182.8,25,6.56,121.4,58.4,4.03,62.2,3.16,0.0,High
2000,Brazil,South America,Soybeans,23.4,1912.7,13,6.58,132.5,60.4,2.38,19.3,5.31,0.0,Moderate
2019,Kenya,Sub-Saharan Africa,Rice,32.2,1492.5,30,6.07,66.8,53.0,5.88,69.8,4.95,8.42,Severe
2007,Brazil,South America,Wheat,24.4,1549.2,14,6.79,158.1,62.5,4.02,56.3,5.55,0.0,Moderate
2018,Kenya,Sub-Saharan Africa,Coffee,23.0,1447.8,22,5.38,150.2,36.9,4.3,39.1,3.18,0.0,High
2019,Brazil,South America,Rice,24.8,1774.2,19,6.65,146.4,51.7,4.11,57.5,6.17,0.0,High
2000,Australia,Oceania,Rice,18.3,669.1,11,,101.6,48.9,2.17,14.1,4.7,7.53,Moderate
2018,Australia,Oceania,Maize,26.7,763.7,25,6.09,94.7,60.0,4.04,69.2,7.38,0.64,High
2015,Indonesia,Southeast Asia,Soybeans,24.8,1368.4,25,6.65,100.6,50.4,1.95,65.2,4.06,0.0,High
2013,Nigeria,Sub-Saharan Africa,Wheat,25.5,1026.6,20,7.07,83.2,24.3,1.46,77.6,4.0,8.93,High
2002,Germany,Europe,Wheat,15.6,1020.4,9,5.73,87.2,86.0,1.78,69.6,5.26,0.0,Low
2006,India,South Asia,Wheat,26.6,1350.3,16,7.18,97.7,42.9,2.24,32.9,4.87,0.0,High
2015,United States,North America,Barley,13.1,707.4,13,7.33,184.3,78.8,0.5,48.9,4.48,0.0,Moderate
2009,Nigeria,Sub-Saharan Africa,Maize,28.9,735.7,19,7.26,118.4,35.4,2.62,61.7,6.34,7.85,High
2023,Kenya,Sub-Saharan Africa,Coffee,29.2,607.4,37,7.32,72.5,19.3,4.05,76.6,1.99,8.77,Severe
2019,United States,North America,Barley,17.3,748.5,17,6.1,227.4,58.2,2.81,70.9,5.15,0.0,Moderate
2018,United States,North America,Rice,14.3,1190.3,18,5.68,183.5,74.9,2.68,79.8,4.91,7.6,Moderate
2003,India,South Asia,Rice,24.7,1198.8,11,6.49,140.3,35.3,2.21,37.7,5.94,0.0,Moderate
2012,India,South Asia,Rice,29.1,1086.9,38,5.39,123.6,53.5,2.11,61.2,4.99,9.4,Severe
2003,Australia,Oceania,Maize,16.7,881.8,17,6.32,192.4,58.3,3.87,30.4,7.45,0.0,Moderate
2025,Canada,North America,Wheat,12.5,426.1,20,7.49,166.0,57.6,2.43,86.8,4.07,8.28,High
2024,United States,North America,Rice,10.5,804.8,20,6.87,195.2,67.1,4.12,79.3,3.33,23.22,High
2012,Germany,Europe,Wheat,9.0,787.9,7,5.33,184.6,69.4,2.89,75.7,2.93,13.55,Low
2011,Kenya,Sub-Saharan Africa,Maize,24.3,1647.3,21,6.24,90.3,51.2,4.34,40.4,7.47,0.0,High
2009,Nigeria,Sub-Saharan Africa,Maize,29.1,1046.8,25,6.49,65.3,61.6,2.59,46.1,6.77,6.61,High
2000,Argentina,South America,Barley,22.2,1315.5,10,,104.8,42.7,1.07,30.5,4.3,0.0,Low
2005,India,South Asia,Maize,28.4,1491.0,20,6.44,100.2,64.5,3.26,58.4,7.09,2.63,High
2024,Australia,Oceania,Rice,18.8,527.8,18,6.4,115.1,69.0,4.08,86.4,5.52,0.0,Moderate
2014,Kenya,Sub-Saharan Africa,Barley,26.1,1153.4,33,6.39,123.1,34.6,1.26,50.2,3.57,10.54,Severe
2015,Australia,Oceania,Barley,17.7,648.2,23,6.63,114.5,,5.98,56.6,4.3,0.0,High
2012,Australia,Oceania,Barley,24.1,684.6,16,,181.9,73.4,2.68,63.2,4.65,0.0,Moderate
2012,India,South Asia,Maize,26.6,1251.3,23,,77.8,31.8,4.1,41.5,6.95,4.39,High
2002,Indonesia,Southeast Asia,Barley,26.8,1063.2,17,7.21,78.2,15.9,2.94,56.6,3.89,2.34,High
2003,Argentina,South America,Rice,25.3,1092.0,19,7.08,76.7,28.4,3.6,42.3,5.41,1.39,High
2001,Germany,Europe,Rice,7.4,560.4,1,6.89,92.0,48.2,4.29,59.7,2.43,7.97,Low
2011,United States,North America,Coffee,8.4,736.7,8,7.02,217.7,56.0,3.03,44.0,0.4,35.95,Low
2023,Indonesia,Southeast Asia,Barley,27.5,1268.8,22,5.88,112.7,54.8,3.15,56.3,3.75,5.67,High
2020,China,East Asia,Coffee,23.7,506.4,16,6.48,121.7,45.5,5.92,63.0,3.5,0.0,Moderate
2007,China,East Asia,Wheat,16.5,856.8,9,6.6,155.4,37.3,2.2,54.2,5.11,0.0,Low
2019,United States,North America,Barley,10.1,628.5,18,5.91,205.3,88.9,3.59,69.4,4.54,0.0,Moderate
2011,France,Europe,Rice,18.1,928.7,16,7.13,207.3,,2.61,83.1,5.34,1.84,Moderate
2010,Germany,Europe,Coffee,15.9,1163.5,12,6.25,274.7,72.5,3.83,61.5,2.53,0.0,Moderate
2018,China,East Asia,Rice,20.4,658.4,21,6.2,133.6,40.0,3.43,77.8,5.74,0.0,High
2011,Argentina,South America,Soybeans,23.5,1874.1,22,6.75,230.8,52.2,3.86,71.8,4.22,0.0,High
2002,India,South Asia,Wheat,22.7,1033.3,15,5.67,129.7,45.1,4.79,46.1,4.67,0.0,Moderate
2019,Kenya,Sub-Saharan Africa,Wheat,24.4,1311.7,29,7.2,62.6,34.6,3.15,73.5,4.09,8.56,Severe
2004,France,Europe,Wheat,9.8,979.8,8,6.29,124.3,75.3,2.82,45.9,4.06,2.81,Low
2025,India,South Asia,Soybeans,29.3,1171.7,47,6.51,80.3,30.8,3.35,80.4,2.65,31.17,Severe
2005,Canada,North America,Soybeans,17.0,1071.6,11,6.67,138.4,50.1,2.48,57.6,3.79,0.0,Moderate
2009,Germany,Europe,Maize,14.4,883.4,18,6.34,187.9,78.4,4.12,77.6,6.78,5.62,Moderate
2008,France,Europe,Wheat,12.5,797.6,16,7.23,159.7,45.5,3.96,51.0,4.44,1.53,Moderate
2013,Kenya,Sub-Saharan Africa,Coffee,25.3,1988.4,22,7.18,96.5,34.0,1.93,42.2,3.24,0.0,High
2013,Australia,Oceania,Coffee,14.1,594.4,14,6.05,141.8,76.4,2.89,48.7,1.24,24.99,Moderate
2003,Brazil,South America,Rice,21.7,1867.6,19,7.29,143.2,73.8,4.24,40.7,5.51,0.13,High
2009,Indonesia,Southeast Asia,Barley,26.5,1286.6,17,6.85,151.3,44.7,4.48,57.9,4.46,0.0,High
2003,Australia,Oceania,Barley,22.9,526.7,17,,109.8,51.2,1.89,52.3,4.81,0.0,Moderate
2015,United States,North America,Coffee,15.3,637.3,17,5.7,150.4,50.3,4.03,57.8,1.43,20.52,Moderate
2009,Canada,North America,Maize,18.9,739.3,16,6.18,192.1,74.6,1.99,47.3,7.54,0.0,Moderate
2004,Canada,North America,Soybeans,13.1,889.2,5,7.51,155.9,,4.16,49.7,3.27,1.53,Low
2025,China,East Asia,Soybeans,17.5,788.5,26,5.96,126.7,56.8,4.4,82.3,3.25,6.09,High
2000,Kenya,Sub-Saharan Africa,Soybeans,25.7,1226.3,20,6.62,125.7,46.2,2.86,35.6,3.73,0.0,High
2008,Australia,Oceania,Wheat,24.9,658.6,21,6.18,143.5,44.0,3.23,25.0,5.09,0.0,High
2013,Kenya,Sub-Saharan Africa,Rice,21.3,1399.0,15,,110.0,30.2,2.37,60.9,5.72,0.0,Moderate
2024,France,Europe,Rice,8.6,806.3,17,7.06,159.3,70.3,4.25,33.1,2.41,36.74,Moderate
2013,Indonesia,Southeast Asia,Barley,26.8,1069.2,22,5.51,110.8,57.6,4.58,53.8,3.6,8.23,High
2023,Canada,North America,Barley,12.6,501.8,20,6.16,149.2,48.5,1.8,80.1,3.8,3.94,High
2005,Argentina,South America,Soybeans,21.8,1086.8,14,,132.7,69.3,2.95,57.5,4.52,0.0,Moderate
2020,Nigeria,Sub-Saharan Africa,Rice,25.9,1337.1,27,6.48,70.1,41.8,1.89,68.5,5.94,0.0,High
2019,France,Europe,Barley,11.7,788.6,19,6.78,221.0,87.8,3.38,71.7,4.41,0.0,High
2010,Kenya,Sub-Saharan Africa,Barley,20.8,1165.9,17,,104.2,37.5,2.54,56.1,5.07,0.0,Moderate
2019,United States,North America,Barley,16.0,689.5,20,7.22,232.0,54.8,2.48,82.0,4.99,0.0,High
2016,China,East Asia,Soybeans,24.1,483.5,17,6.2,92.4,61.2,3.91,78.9,3.88,0.0,Moderate
2011,India,South Asia,Soybeans,27.0,846.3,25,6.52,93.3,39.3,4.11,48.3,3.81,0.0,High
2024,Indonesia,Southeast Asia,Rice,26.2,933.9,32,7.73,93.9,61.4,2.82,80.4,5.94,0.0,Severe
2007,Kenya,Sub-Saharan Africa,Coffee,28.5,747.3,19,7.17,100.9,17.7,2.32,46.9,2.68,0.0,High
2017,Argentina,South America,Maize,23.7,952.4,25,7.52,150.8,67.0,3.82,44.3,7.59,0.0,High
2025,India,South Asia,Rice,28.5,1126.8,35,6.66,73.7,55.0,1.66,68.8,4.94,11.41,Severe
2021,Argentina,South America,Soybeans,24.3,1470.9,25,7.17,167.1,66.6,2.88,58.9,4.68,0.0,High
2005,Germany,Europe,Barley,15.6,1186.2,14,5.58,150.0,40.2,4.59,44.4,5.35,0.0,Moderate
2015,Kenya,Sub-Saharan Africa,Barley,28.9,852.3,28,6.3,157.8,17.6,4.4,45.9,3.59,10.91,High
2020,Germany,Europe,Coffee,11.8,867.7,15,6.24,239.1,62.0,2.23,74.8,0.83,36.57,Moderate
2021,Australia,Oceania,Wheat,17.3,1057.9,19,6.66,119.5,61.8,4.52,47.0,4.71,0.0,High
2012,Canada,North America,Maize,15.0,993.6,17,6.76,247.0,69.3,3.42,54.5,7.57,0.0,Moderate
2016,India,South Asia,Soybeans,28.9,1164.0,32,6.59,82.8,50.3,2.9,52.2,3.38,2.36,Severe
2009,Kenya,Sub-Saharan Africa,Soybeans,28.9,858.3,20,,72.7,27.3,3.6,73.7,3.34,2.2,High
2019,Argentina,South America,Maize,25.9,2010.0,18,6.06,,42.3,3.59,88.1,8.06,0.0,High
2025,France,Europe,Barley,13.4,682.5,32,6.68,204.4,56.9,3.06,65.1,4.21,0.0,Severe
2023,United States,North America,Wheat,13.5,880.5,18,6.55,146.9,75.4,3.68,83.4,4.15,5.8,Moderate
2023,China,East Asia,Soybeans,17.4,583.5,28,5.22,136.7,47.8,3.16,82.1,3.49,0.0,High
2014,Kenya,Sub-Saharan Africa,Barley,26.3,652.9,32,6.06,93.5,64.2,2.13,61.7,4.18,0.0,Severe
2018,Brazil,South America,Barley,24.7,1241.8,21,7.26,122.1,29.7,2.42,52.9,4.3,0.0,High
2019,Canada,North America,Rice,10.6,892.5,10,6.34,211.6,70.7,2.73,68.9,4.21,11.75,Low
2005,India,South Asia,Soybeans,24.7,1319.0,12,6.49,81.4,31.0,3.53,55.7,3.96,0.0,Moderate
2019,Argentina,South America,Wheat,22.1,1578.9,26,7.29,145.9,67.9,4.65,66.4,4.25,5.42,High
2025,Brazil,South America,Soybeans,22.8,1262.9,35,6.14,129.4,29.4,5.01,80.4,3.21,7.75,Severe
2004,China,East Asia,Wheat,21.7,734.1,11,6.09,120.5,42.7,2.95,42.7,5.05,0.0,Moderate
2024,India,South Asia,Maize,28.5,1560.0,36,6.71,62.1,61.9,3.74,78.7,6.55,12.94,Severe
2001,Nigeria,Sub-Saharan Africa,Maize,22.3,403.1,28,7.01,40.7,58.2,2.61,45.1,6.82,6.6,High
2013,France,Europe,Maize,14.6,889.2,18,5.94,192.7,80.2,4.39,65.0,7.67,0.0,Moderate
2023,France,Europe,Wheat,16.9,739.4,22,5.97,209.8,43.7,1.88,57.3,5.54,0.0,High
2010,Indonesia,Southeast Asia,Maize,27.2,943.2,25,5.94,95.9,56.6,3.46,59.3,7.33,1.15,High
2021,Kenya,Sub-Saharan Africa,Soybeans,31.0,1076.8,33,7.07,91.6,45.1,5.0,79.1,2.83,16.21,Severe
2012,China,East Asia,Soybeans,14.9,604.3,19,6.13,77.5,79.2,1.5,60.7,3.12,7.58,High
2009,Brazil,South America,Soybeans,20.5,1375.1,17,6.1,108.7,55.5,4.39,48.9,4.33,0.0,Moderate
2023,France,Europe,Wheat,22.6,892.6,32,6.56,149.9,45.7,0.82,67.8,4.65,0.0,Severe
2011,Indonesia,Southeast Asia,Maize,27.8,1469.1,29,7.12,65.0,27.9,2.79,65.1,6.79,7.96,Severe
2014,India,South Asia,Maize,28.5,1732.5,36,6.37,82.7,18.6,2.48,48.7,6.81,9.0,Severe
2017,Germany,Europe,Coffee,13.3,786.5,19,7.51,188.4,71.9,0.5,84.1,1.19,32.94,High
2022,United States,North America,Wheat,12.1,1059.6,22,6.55,166.6,60.2,2.31,64.7,4.19,5.6,High
2022,Indonesia,Southeast Asia,Wheat,29.4,588.0,34,6.97,134.6,33.6,2.92,56.8,3.11,27.74,Severe
2002,Indonesia,Southeast Asia,Rice,25.5,1003.2,19,7.17,89.8,35.5,1.9,70.1,5.36,1.57,High
2023,India,South Asia,Coffee,27.5,1346.4,39,6.41,92.1,21.8,1.43,61.8,2.22,0.0,Severe
2004,Germany,Europe,Barley,10.1,831.3,7,7.2,189.2,84.4,3.61,70.6,4.78,0.0,Low
2002,Australia,Oceania,Maize,16.4,457.8,11,6.22,125.0,39.7,2.02,50.3,7.81,0.0,Moderate
2016,Brazil,South America,Barley,21.8,1129.4,25,6.39,177.1,41.3,4.78,69.7,5.04,0.0,High
2001,Australia,Oceania,Barley,21.0,1039.2,11,6.27,139.2,73.5,3.61,45.8,5.48,0.0,Moderate
2005,Germany,Europe,Soybeans,13.5,1384.7,11,6.95,218.3,62.1,3.41,34.4,4.07,0.0,Moderate
2004,China,East Asia,Maize,28.3,692.3,23,6.27,129.4,76.3,2.35,54.7,6.94,5.4,High
2023,Kenya,Sub-Saharan Africa,Maize,24.0,1706.4,29,6.43,98.5,64.5,2.81,78.2,7.6,0.0,Severe
2007,Brazil,South America,Rice,26.4,1191.2,22,5.39,156.5,39.0,2.41,57.4,5.44,1.01,High
2025,Canada,North America,Rice,16.4,528.5,30,7.02,149.5,,2.51,71.7,4.73,12.72,Severe
2008,United States,North America,Wheat,12.6,573.4,14,5.99,203.9,78.0,3.44,70.1,5.03,0.0,Moderate
2023,Argentina,South America,Barley,28.4,1557.1,29,6.64,79.2,31.0,3.67,61.0,3.69,8.09,Severe
2025,France,Europe,Wheat,16.6,1036.1,21,7.04,187.6,69.7,3.4,62.4,5.3,0.0,High
2018,Brazil,South America,Barley,25.8,1332.1,26,6.66,166.5,73.2,2.56,83.7,4.92,0.0,High
2020,Nigeria,Sub-Saharan Africa,Barley,26.9,1269.8,38,6.02,104.6,28.9,5.67,64.1,2.46,46.79,Severe
2013,Brazil,South America,Rice,23.5,1314.1,19,7.47,151.5,52.6,2.52,70.7,6.2,0.0,High
2012,Nigeria,Sub-Saharan Africa,Barley,25.1,1053.7,24,7.18,73.3,47.6,2.21,67.1,3.75,5.81,High
2021,France,Europe,Wheat,16.1,896.0,17,5.85,239.2,45.0,4.07,81.2,4.92,0.0,Moderate
2025,Germany,Europe,Soybeans,11.0,1072.9,32,7.43,184.8,78.7,2.94,77.3,2.79,18.79,Severe
2011,Argentina,South America,Wheat,22.0,1449.4,18,6.9,141.8,67.4,3.94,53.5,5.22,0.0,Moderate
2012,Canada,North America,Rice,13.5,1182.3,6,6.53,201.5,42.9,2.47,52.2,4.89,4.44,Low
2012,Brazil,South America,Maize,21.5,1549.5,17,5.8,179.9,44.4,4.13,56.2,6.99,4.12,Moderate
2017,France,Europe,Coffee,15.5,889.7,20,6.07,112.4,64.9,3.92,67.6,1.86,7.99,High
2005,Brazil,South America,Coffee,26.3,972.8,16,6.77,130.7,27.5,3.61,42.4,3.18,0.0,High
2003,Germany,Europe,Coffee,15.2,1001.9,18,7.45,146.5,57.8,2.66,54.2,2.12,1.01,Moderate
2002,Australia,Oceania,Wheat,20.3,1419.1,3,6.06,,54.1,3.47,26.9,5.17,0.0,Low
2019,Argentina,South America,Barley,20.1,1883.1,16,6.89,157.1,67.4,2.8,50.3,5.23,0.0,Moderate
2018,Indonesia,Southeast Asia,Rice,31.5,885.4,30,7.35,61.7,59.7,2.75,71.5,4.36,17.16,Severe
2013,Brazil,South America,Coffee,23.5,1612.9,19,6.74,155.3,45.5,3.95,74.9,2.62,0.0,High
2020,India,South Asia,Coffee,28.1,1441.6,24,5.85,31.0,17.7,2.01,77.2,1.65,19.16,High
2022,India,South Asia,Barley,29.5,1282.7,23,5.95,73.7,55.9,3.98,62.4,2.84,21.19,Severe
2009,Nigeria,Sub-Saharan Africa,Rice,27.2,588.1,33,5.16,98.3,46.4,2.88,57.9,4.56,18.04,Severe
2003,France,Europe,Maize,13.5,939.7,4,6.63,169.0,48.0,2.79,43.1,6.72,1.7,Low
2015,United States,North America,Soybeans,15.5,976.7,14,5.84,183.5,64.8,2.77,44.8,3.7,0.0,Moderate
2024,Brazil,South America,Coffee,28.5,1978.3,26,5.33,133.7,46.5,3.84,85.9,2.1,2.44,High
2007,France,Europe,Barley,16.8,986.7,10,6.54,125.4,,2.5,68.4,4.46,0.0,Low
2013,France,Europe,Soybeans,9.7,969.5,12,6.13,170.2,57.8,2.65,45.6,2.28,18.39,Moderate
2023,China,East Asia,Barley,22.1,644.0,20,6.57,122.0,78.9,2.17,73.8,4.35,0.0,High
2001,Brazil,South America,Rice,19.5,1361.6,13,6.54,147.3,39.4,2.6,42.9,6.36,0.0,Moderate
2021,India,South Asia,Rice,30.7,1616.5,33,5.83,120.3,45.5,2.19,76.8,5.28,3.88,Severe
2001,China,East Asia,Soybeans,18.3,618.8,8,6.4,148.6,61.4,4.77,54.6,4.61,0.0,Low
2017,Australia,Oceania,Coffee,16.8,699.6,17,5.54,118.9,75.7,2.72,65.6,1.93,6.51,Moderate
2009,France,Europe,Wheat,11.0,980.0,11,5.37,141.1,72.7,4.28,46.8,3.68,9.92,Moderate
2000,Nigeria,Sub-Saharan Africa,Wheat,25.7,1306.3,13,7.78,113.0,54.4,2.37,25.6,3.78,8.97,High
2017,India,South Asia,Soybeans,25.8,1500.9,25,6.5,77.7,37.2,3.48,60.9,4.43,0.0,High
2015,China,East Asia,Barley,17.0,977.3,22,7.01,132.6,77.1,4.25,61.8,4.95,0.0,High
2025,France,Europe,Barley,15.9,959.5,21,5.68,134.2,55.4,4.37,49.3,3.86,4.14,High
2011,Germany,Europe,Wheat,14.0,934.0,15,5.84,204.3,62.0,3.59,45.8,5.27,0.0,Moderate
2001,United States,North America,Barley,17.9,882.2,10,6.83,97.5,54.8,4.43,68.2,4.67,0.0,Low
2018,Nigeria,Sub-Saharan Africa,Coffee,26.4,1619.6,29,6.48,75.3,43.6,3.44,57.5,2.97,0.0,Severe
2001,China,East Asia,Wheat,19.9,1074.9,12,6.47,140.6,76.7,4.02,59.5,5.77,0.0,Moderate
2002,Australia,Oceania,Barley,24.8,1096.3,21,6.67,158.8,64.4,5.13,46.8,5.14,0.0,High
2018,France,Europe,Coffee,13.1,1093.1,17,6.38,178.5,64.2,2.21,58.5,1.56,13.98,Moderate
2014,Kenya,Sub-Saharan Africa,Soybeans,25.6,1267.0,24,7.22,,,2.66,54.2,3.02,9.51,High
2003,Australia,Oceania,Coffee,26.3,587.8,18,,149.5,62.8,3.86,56.6,2.86,0.0,High
2004,Germany,Europe,Rice,13.9,416.9,11,6.9,192.2,73.9,2.19,40.8,3.98,13.73,Moderate
2024,Kenya,Sub-Saharan Africa,Maize,25.6,959.4,23,7.04,95.4,36.2,2.2,92.0,7.19,2.69,High
2014,China,East Asia,Wheat,24.2,940.4,22,7.28,151.8,41.3,3.33,74.3,4.88,0.0,High
2022,India,South Asia,Soybeans,29.2,1485.7,26,5.61,90.3,22.5,4.28,75.7,2.89,12.28,High
2006,Kenya,Sub-Saharan Africa,Barley,30.3,1035.8,19,6.95,111.1,43.8,3.87,40.0,3.22,10.78,Severe
2018,Australia,Oceania,Barley,20.1,641.9,15,7.17,99.0,34.0,1.27,48.3,4.2,0.0,Moderate
2001,Brazil,South America,Maize,22.7,1154.5,22,6.92,193.6,36.4,3.38,28.6,7.65,0.0,High
2003,Indonesia,Southeast Asia,Rice,26.3,1593.6,23,,111.4,62.0,3.42,56.4,6.08,0.0,High
2021,China,East Asia,Rice,19.1,738.9,21,6.84,99.3,60.0,2.23,66.2,5.33,1.92,High
2010,United States,North America,Maize,7.9,439.9,9,6.93,189.7,74.3,3.43,65.9,5.51,10.77,Low
2020,Australia,Oceania,Maize,17.0,704.5,22,6.14,135.8,36.3,2.5,76.0,6.97,4.88,High
2006,Argentina,South America,Soybeans,19.2,1024.6,15,6.89,128.6,58.5,1.89,48.6,3.94,0.0,Moderate
2019,Argentina,South America,Barley,23.7,1381.5,21,6.13,156.8,38.9,4.36,63.2,4.39,0.0,High
2025,Argentina,South America,Barley,23.2,1499.6,24,5.99,138.9,42.1,2.8,78.6,4.51,0.0,High
2015,Brazil,South America,Soybeans,29.0,1434.9,30,6.48,136.5,47.1,3.41,49.3,3.53,0.0,Severe
2011,Canada,North America,Maize,15.4,923.7,12,6.58,229.0,55.7,5.07,57.3,6.34,8.1,Moderate
2002,Nigeria,Sub-Saharan Africa,Wheat,22.9,1093.5,19,6.76,101.1,49.9,0.5,48.5,5.55,0.0,High
2006,China,East Asia,Soybeans,20.6,687.5,15,6.37,137.0,44.0,3.43,62.1,4.85,0.0,Moderate
2002,China,East Asia,Coffee,27.2,922.4,20,7.99,103.7,58.7,5.69,63.6,3.14,0.0,High
2016,Argentina,South America,Barley,23.4,1044.8,31,5.95,138.9,42.6,2.17,56.2,4.3,0.0,Severe
2024,United States,North America,Soybeans,13.9,1022.9,27,7.63,240.8,78.0,3.33,71.2,4.02,0.0,High
2007,India,South Asia,Wheat,28.5,805.5,24,6.69,84.2,38.4,2.34,61.7,3.72,15.09,High
2007,France,Europe,Wheat,7.6,687.1,7,6.23,158.1,59.0,4.58,54.6,4.17,3.52,Low
2010,Brazil,South America,Maize,21.4,1030.3,19,6.26,144.2,39.7,2.53,46.0,8.03,0.0,High
2016,China,East Asia,Rice,26.5,842.7,16,5.85,174.2,79.5,1.79,54.4,5.75,0.0,High
2003,Indonesia,Southeast Asia,Rice,25.4,1049.3,16,7.06,69.6,27.0,3.49,57.3,5.22,2.76,High
2015,Brazil,South America,Rice,22.5,1341.3,27,7.0,191.8,68.2,2.13,53.3,6.31,0.0,High
2024,United States,North America,Coffee,14.9,865.4,15,6.65,189.1,70.2,3.58,65.0,2.41,0.0,Moderate
2005,Germany,Europe,Barley,17.8,794.5,17,6.83,208.6,76.7,3.42,59.8,5.25,0.0,Moderate
2016,France,Europe,Soybeans,13.6,788.7,16,6.35,150.7,79.0,3.41,67.4,3.84,0.0,Moderate
2006,Indonesia,Southeast Asia,Soybeans,30.5,1290.2,21,6.46,64.0,29.8,3.7,53.8,3.08,7.68,Severe
2014,Kenya,Sub-Saharan Africa,Barley,24.4,1277.5,27,6.77,101.8,49.4,3.29,54.2,4.33,0.0,High
2013,China,East Asia,Maize,19.5,583.6,15,6.95,122.0,58.8,3.97,58.9,7.12,2.41,Moderate
2019,India,South Asia,Rice,29.2,765.6,35,6.37,108.5,46.0,3.28,48.5,5.7,0.0,Severe
2015,Brazil,South America,Rice,26.3,1365.1,25,7.46,129.8,46.9,2.81,52.2,5.3,2.88,High
2015,Kenya,Sub-Saharan Africa,Maize,24.1,1097.7,23,6.69,57.1,59.0,3.45,71.3,6.73,7.54,High
2004,Canada,North America,Rice,18.8,752.3,10,6.68,234.0,62.2,4.03,49.8,6.54,0.0,Low
2008,Kenya,Sub-Saharan Africa,Rice,28.5,582.4,26,6.75,92.6,31.3,4.35,61.6,5.29,3.62,High
2009,Australia,Oceania,Barley,22.4,666.2,27,6.06,119.9,63.0,3.6,40.3,4.65,0.0,High
2024,Nigeria,Sub-Saharan Africa,Coffee,26.6,1081.5,20,6.65,104.7,35.9,4.35,93.7,2.82,0.0,High
2012,India,South Asia,Coffee,25.4,822.5,28,6.41,72.6,29.0,3.17,46.2,2.23,0.0,High
2003,Indonesia,Southeast Asia,Barley,26.7,1355.1,26,7.06,,28.8,2.51,49.4,3.92,3.43,High
2020,United States,North America,Soybeans,13.5,561.6,22,7.23,214.3,54.0,1.82,67.5,3.83,0.0,High
2012,Argentina,South America,Maize,26.1,1494.0,19,6.4,134.0,63.0,5.07,49.0,8.2,0.0,High
2003,China,East Asia,Barley,17.1,429.5,15,6.96,107.4,50.6,1.94,54.4,4.25,0.0,Moderate
2011,Germany,Europe,Soybeans,16.6,1215.9,16,5.4,168.8,83.3,1.18,48.8,4.27,0.0,Moderate
2023,India,South Asia,Maize,27.9,1277.8,26,6.9,,54.0,2.4,67.2,7.41,0.34,High
2001,United States,North America,Coffee,15.6,838.9,7,7.29,229.5,56.2,1.45,66.5,2.74,0.0,Low
2001,Nigeria,Sub-Saharan Africa,Soybeans,27.7,1705.2,30,7.1,39.8,23.7,1.82,48.4,3.23,6.54,Severe
2009,Kenya,Sub-Saharan Africa,Barley,29.9,1258.5,26,6.69,104.4,21.4,3.61,69.0,2.59,31.52,Severe
2003,Australia,Oceania,Barley,21.9,473.5,10,6.55,118.7,52.1,2.96,47.6,3.78,2.72,Low
2022,Australia,Oceania,Soybeans,24.0,808.6,27,6.05,91.1,35.9,3.31,61.3,4.15,0.0,High
2019,France,Europe,Wheat,9.5,690.9,11,6.45,172.6,43.3,4.28,66.3,3.53,11.95,Moderate
2015,Kenya,Sub-Saharan Africa,Barley,27.9,871.7,29,6.92,138.3,21.4,3.2,76.0,3.73,6.8,Severe
2021,Indonesia,Southeast Asia,Wheat,30.9,1171.8,32,6.06,46.2,54.8,2.41,58.4,2.57,38.73,Severe
2023,France,Europe,Soybeans,18.0,1305.7,25,6.79,224.2,51.7,4.21,54.1,4.76,0.0,High
2003,Australia,Oceania,Barley,22.1,781.7,18,6.92,102.4,57.8,2.93,37.0,5.13,0.0,Moderate
2021,Germany,Europe,Maize,18.6,899.9,26,7.07,106.9,55.9,3.2,61.5,7.08,3.26,High
2021,Australia,Oceania,Barley,20.7,534.3,34,6.6,135.3,70.7,3.76,99.5,4.43,0.0,Severe
2019,China,East Asia,Maize,17.8,539.2,22,6.25,133.3,63.8,3.07,62.9,6.91,5.06,High
2013,Australia,Oceania,Maize,16.9,590.6,14,7.14,121.3,73.9,3.38,36.7,7.19,1.69,Moderate
2021,France,Europe,Soybeans,21.2,769.1,33,7.04,151.7,81.4,3.82,60.4,4.12,0.0,Severe
2024,India,South Asia,Coffee,26.2,1385.0,26,6.72,127.0,32.1,1.58,71.2,2.8,0.0,High
2025,China,East Asia,Barley,18.9,633.0,21,7.23,139.8,71.0,4.6,77.6,5.08,0.0,High
2015,Nigeria,Sub-Saharan Africa,Maize,28.5,1161.1,23,6.49,98.0,35.8,2.83,36.9,7.23,2.14,High
2018,Australia,Oceania,Maize,17.7,829.0,16,6.3,160.9,59.9,2.95,66.5,7.5,0.0,Moderate
2013,Brazil,South America,Wheat,22.7,1452.6,13,6.21,93.2,57.3,4.1,40.9,5.16,0.0,Moderate
2014,Australia,Oceania,Coffee,24.0,384.9,26,6.25,125.2,38.5,4.25,83.8,2.91,0.0,Severe
2019,India,South Asia,Wheat,27.4,1373.7,37,5.66,81.6,,6.11,57.0,3.16,34.8,Severe
2025,Brazil,South America,Barley,24.1,1415.4,33,5.48,86.5,36.2,2.59,94.2,4.03,1.28,Severe
2025,United States,North America,Barley,15.3,911.2,22,7.12,211.4,63.0,4.89,90.4,4.9,0.0,High
2022,Kenya,Sub-Saharan Africa,Soybeans,25.9,789.1,25,6.19,29.3,48.5,1.9,74.6,4.26,0.0,High
2014,Canada,North America,Maize,10.0,840.2,13,5.53,173.6,,3.68,69.7,5.96,10.24,Moderate
2004,United States,North America,Soybeans,10.9,963.6,3,6.4,213.4,56.0,3.43,37.4,2.97,2.25,Low
2000,Brazil,South America,Coffee,25.8,1468.7,16,7.25,177.6,69.5,3.63,46.7,3.67,0.0,High
2007,Canada,North America,Soybeans,11.3,636.8,5,7.62,117.8,67.8,2.41,34.6,3.02,4.89,Low
2015,Argentina,South America,Wheat,26.0,1598.6,31,7.14,72.5,60.4,3.82,58.2,4.05,10.67,Severe
2020,France,Europe,Coffee,8.9,638.3,14,6.15,180.6,85.6,2.98,60.1,0.4,34.54,Moderate
2011,Canada,North America,Soybeans,13.1,835.0,8,6.01,199.4,71.6,4.72,70.6,3.08,3.93,Low
2014,Indonesia,Southeast Asia,Maize,28.3,1386.8,28,6.75,81.2,31.2,2.91,67.4,6.53,10.5,High
2009,Nigeria,Sub-Saharan Africa,Maize,33.1,1002.3,24,6.59,105.6,49.5,3.6,57.7,6.94,4.41,Severe
2002,Canada,North America,Soybeans,11.1,828.2,8,6.92,164.3,74.1,3.13,46.9,3.13,4.14,Low
2003,United States,North America,Rice,12.2,502.1,7,6.04,208.2,63.9,0.56,46.2,3.94,12.41,Low
2014,Nigeria,Sub-Saharan Africa,Maize,27.2,1321.7,14,6.58,92.8,64.8,1.78,63.1,7.42,0.11,High
2013,France,Europe,Coffee,10.2,893.0,14,,157.5,69.8,1.23,66.6,0.58,35.9,Moderate
2022,United States,North America,Rice,14.6,1180.2,17,6.43,211.7,56.0,2.79,55.2,4.66,7.6,Moderate
2006,United States,North America,Rice,15.3,826.0,10,5.19,209.6,46.0,3.4,45.2,4.79,3.95,Low
2015,China,East Asia,Coffee,23.3,470.7,21,6.63,108.9,43.7,4.26,69.8,2.97,0.0,High
2025,Germany,Europe,Rice,15.8,979.5,20,6.7,105.7,54.0,3.47,78.1,4.03,20.1,High
2018,Indonesia,Southeast Asia,Rice,27.5,809.3,22,6.43,78.1,24.2,3.62,66.0,5.7,0.0,High
2015,United States,North America,Coffee,16.5,1075.1,14,6.64,132.0,82.2,3.69,83.5,2.35,0.0,Moderate
2021,Australia,Oceania,Barley,20.9,578.4,20,5.97,110.8,68.5,4.23,43.4,4.76,0.0,High
2011,United States,North America,Barley,11.3,981.0,5,6.6,212.4,72.3,1.88,52.2,4.59,0.0,Low
2025,Nigeria,Sub-Saharan Africa,Soybeans,29.8,1571.1,32,6.11,103.8,57.6,5.82,76.9,2.54,27.28,Severe
2001,Brazil,South America,Barley,18.3,1865.9,12,6.82,53.1,62.3,4.18,48.5,4.82,0.0,Moderate
2016,Argentina,South America,Barley,24.6,1378.1,25,6.56,165.3,57.9,4.08,75.9,4.65,0.0,High
2006,Argentina,South America,Rice,20.5,1005.4,20,6.58,126.7,45.6,2.39,43.8,5.53,0.0,High
2023,Kenya,Sub-Saharan Africa,Coffee,23.6,1288.3,32,6.15,59.1,57.4,3.39,61.1,3.05,0.0,Severe
2023,Canada,North America,Barley,16.3,664.5,14,6.63,222.8,70.0,3.02,104.7,5.19,0.0,Moderate
2012,Indonesia,Southeast Asia,Wheat,26.4,615.5,22,6.61,102.5,26.3,3.13,65.8,3.56,17.66,High
2000,United States,North America,Soybeans,13.0,490.8,7,6.8,153.6,76.3,3.7,61.1,2.79,6.62,Low
2015,China,East Asia,Soybeans,16.6,794.6,11,8.01,118.0,35.6,4.96,45.3,3.13,5.58,Moderate
2013,United States,North America,Barley,16.8,780.7,21,6.95,115.5,46.2,1.89,66.3,4.15,0.0,High
2003,Indonesia,Southeast Asia,Rice,22.3,941.2,11,8.4,79.0,61.8,3.6,61.6,4.77,6.15,Moderate
2019,Brazil,South America,Coffee,22.6,1561.3,27,5.78,155.0,34.1,2.92,53.8,2.85,0.0,High
2024,India,South Asia,Barley,30.3,1265.2,33,,109.7,48.3,2.8,65.3,4.03,1.22,Severe
2020,Canada,North America,Rice,18.1,919.5,22,6.55,183.5,76.4,3.34,82.4,6.13,0.0,High
2007,France,Europe,Rice,11.7,766.5,10,6.96,156.4,76.4,4.04,59.5,3.68,16.77,Low
2016,Germany,Europe,Coffee,16.6,730.4,13,5.79,,56.2,4.58,45.8,1.36,20.66,Moderate
2019,Indonesia,Southeast Asia,Wheat,26.0,1421.7,16,6.52,134.4,24.7,4.5,65.2,4.65,0.0,High
2017,Brazil,South America,Maize,20.5,1787.1,17,7.04,94.8,42.5,3.5,73.9,8.26,0.0,Moderate
2009,France,Europe,Soybeans,11.7,1279.7,11,7.07,147.6,64.1,3.09,60.5,2.69,11.01,Moderate
2023,Germany,Europe,Rice,15.0,795.2,20,6.22,,77.3,3.65,60.9,5.13,4.3,High
2002,Germany,Europe,Soybeans,10.8,734.8,4,6.41,118.5,77.8,2.88,43.1,2.74,6.11,Low
2024,India,South Asia,Rice,31.1,305.3,32,5.95,98.5,46.7,3.52,97.0,4.52,15.79,Severe
2018,France,Europe,Barley,16.0,732.0,15,6.13,173.5,,4.53,60.7,5.26,0.0,Moderate
2024,Brazil,South America,Coffee,23.6,1743.8,31,5.85,112.8,44.7,5.53,72.1,2.47,0.0,Severe
2016,Nigeria,Sub-Saharan Africa,Rice,25.6,1151.9,23,7.1,137.1,44.2,3.35,32.8,5.64,0.0,High
2010,Kenya,Sub-Saharan Africa,Maize,27.1,1512.0,29,7.3,95.1,50.9,3.61,28.7,6.61,11.02,Severe
2021,China,East Asia,Wheat,17.5,610.7,16,6.73,148.8,31.5,2.26,50.5,5.55,0.0,Moderate
2003,Canada,North America,Coffee,13.7,1047.3,10,6.14,,63.6,2.66,51.9,1.48,11.35,Low
2020,India,South Asia,Coffee,29.0,1153.6,21,5.45,107.9,37.9,4.73,72.9,2.85,0.0,High
2015,Australia,Oceania,Barley,20.7,652.4,17,6.65,146.8,52.6,2.0,64.3,4.67,0.0,Moderate
2012,Brazil,South America,Wheat,20.1,1422.2,16,6.18,131.0,40.8,3.25,66.1,5.87,0.0,Moderate
2020,Nigeria,Sub-Saharan Africa,Rice,26.1,1173.3,29,,91.3,20.2,2.91,72.7,5.39,1.76,Severe
2008,United States,North America,Soybeans,13.6,1152.0,14,7.04,106.3,79.7,3.23,36.1,3.31,2.43,Moderate
2017,Australia,Oceania,Soybeans,28.4,838.5,30,6.97,140.7,42.2,3.1,60.7,3.31,4.47,Severe
2007,France,Europe,Coffee,11.5,600.7,6,6.8,177.6,84.8,1.47,38.7,1.12,13.2,Low
2005,Canada,North America,Rice,7.7,867.0,2,7.83,243.8,79.0,3.59,46.8,2.74,11.18,Low
2017,Canada,North America,Coffee,18.7,971.1,15,,174.4,50.5,2.58,52.0,2.91,0.0,Moderate
2019,Nigeria,Sub-Saharan Africa,Wheat,32.7,1051.7,30,6.15,60.9,50.2,1.84,54.2,2.25,45.41,Severe
2003,Kenya,Sub-Saharan Africa,Barley,23.9,1374.4,16,6.93,77.5,26.6,3.49,52.2,4.31,0.0,Moderate
2024,Germany,Europe,Wheat,11.7,934.4,18,5.26,242.3,53.7,2.85,97.2,4.76,0.0,Moderate
2012,Kenya,Sub-Saharan Africa,Maize,22.1,1171.0,16,6.53,44.1,24.1,3.64,68.0,7.22,1.88,Moderate
2024,China,East Asia,Soybeans,19.8,533.0,29,6.03,127.9,55.0,4.17,73.8,4.17,0.0,Severe
2015,Germany,Europe,Maize,14.7,671.3,14,6.68,262.5,64.4,4.05,78.7,7.74,0.0,Moderate
2014,Nigeria,Sub-Saharan Africa,Rice,23.3,959.8,25,7.17,59.2,62.1,3.61,51.0,5.62,0.0,High
2002,Brazil,South America,Soybeans,24.0,1795.0,14,5.66,123.8,57.7,3.5,40.0,4.24,0.0,Moderate
2024,Indonesia,Southeast Asia,Wheat,30.1,1383.7,39,7.22,132.4,25.6,3.58,65.5,2.49,55.33,Severe
2002,China,East Asia,Wheat,12.4,576.3,4,7.07,167.7,64.1,4.3,50.6,4.79,0.0,Low
2021,India,South Asia,Rice,29.8,1202.7,33,6.06,138.2,43.6,0.98,78.8,4.9,9.53,Severe
2007,Kenya,Sub-Saharan Africa,Soybeans,26.2,1612.6,24,6.56,73.0,32.1,2.66,47.4,4.14,0.0,High
2013,Indonesia,Southeast Asia,Coffee,27.8,1178.2,27,,107.3,28.0,4.07,47.2,2.99,0.0,High
2008,Canada,North America,Wheat,10.4,943.2,11,7.27,192.9,45.3,1.89,58.0,3.98,4.74,Moderate
2025,Indonesia,Southeast Asia,Barley,28.9,1080.5,33,6.9,94.7,61.1,2.36,74.7,3.82,6.82,Severe
2012,India,South Asia,Maize,24.6,726.6,15,,102.9,43.2,3.15,65.3,7.55,0.0,Moderate
2015,Kenya,Sub-Saharan Africa,Maize,28.1,1014.6,18,7.94,120.7,43.7,6.14,83.2,6.62,7.63,High
2003,Argentina,South America,Soybeans,25.8,1021.6,20,7.19,181.3,51.9,3.14,42.0,4.26,0.0,High
2001,United States,North America,Barley,16.4,1068.1,14,6.95,228.0,89.0,2.5,44.7,5.12,0.0,Moderate
2024,Canada,North America,Coffee,17.1,656.8,16,5.64,238.0,41.4,3.97,59.2,2.93,0.0,Moderate
2025,Germany,Europe,Rice,9.7,1008.4,23,6.09,157.2,90.0,2.27,70.3,3.12,36.8,High
2000,France,Europe,Rice,11.7,790.2,5,7.2,162.0,53.6,2.83,42.9,4.05,7.83,Low
2009,India,South Asia,Rice,27.2,1557.5,14,7.32,118.0,23.7,1.68,57.5,5.74,0.0,High
2005,Kenya,Sub-Saharan Africa,Barley,27.8,1658.6,22,5.61,138.2,59.3,2.39,43.0,3.57,8.81,High
2018,France,Europe,Wheat,17.7,1138.4,19,5.8,159.5,47.2,5.7,86.5,4.84,0.0,High
2014,Brazil,South America,Wheat,23.5,1450.5,13,5.31,112.0,33.9,4.86,69.2,4.71,0.0,Moderate
2020,Canada,North America,Rice,12.9,557.1,17,5.29,232.6,89.8,0.5,66.3,4.58,10.86,Moderate
2007,Australia,Oceania,Wheat,17.8,694.9,13,6.19,150.7,40.9,3.4,60.3,5.21,0.0,Moderate
2020,France,Europe,Barley,17.1,1146.4,28,6.31,168.7,51.0,1.93,75.7,3.74,6.19,High
2005,Kenya,Sub-Saharan Africa,Maize,30.0,699.1,19,6.11,50.7,50.7,2.24,48.7,6.3,9.31,Severe
2021,Kenya,Sub-Saharan Africa,Maize,27.4,1514.1,27,6.02,123.3,25.6,2.15,69.2,6.96,5.05,High
2005,Nigeria,Sub-Saharan Africa,Rice,26.0,1572.4,21,6.97,126.9,64.0,3.27,37.3,6.39,0.0,High
2006,Brazil,South America,Soybeans,25.4,1217.5,29,6.22,160.7,65.3,4.05,53.7,3.82,0.0,Severe
2010,India,South Asia,Maize,28.7,1239.1,24,7.77,44.2,,3.24,81.0,6.16,11.41,High
2018,United States,North America,Wheat,19.0,778.3,24,6.64,198.0,70.4,2.46,70.1,5.15,0.0,High
2000,India,South Asia,Coffee,26.8,819.9,11,6.0,90.9,42.3,3.84,40.6,3.16,0.0,High
2017,Indonesia,Southeast Asia,Maize,25.5,993.2,30,7.16,102.2,28.7,2.37,58.8,6.7,8.38,Severe
2017,Brazil,South America,Rice,26.0,1354.2,23,6.26,62.5,54.1,4.67,70.0,5.97,0.0,High
2008,United States,North America,Rice,12.1,829.7,8,6.94,96.3,68.6,2.48,54.0,3.68,12.6,Low
2011,Kenya,Sub-Saharan Africa,Coffee,29.5,776.4,25,6.15,74.2,31.4,2.83,60.4,1.97,6.79,Severe
2022,Nigeria,Sub-Saharan Africa,Wheat,29.2,713.9,28,,102.5,52.1,2.93,78.9,3.71,14.05,High
2007,United States,North America,Coffee,12.4,784.0,6,6.83,242.9,46.2,3.44,74.4,1.54,8.32,Low
2015,Australia,Oceania,Wheat,20.0,984.1,15,7.55,150.6,35.8,4.21,81.1,5.43,0.0,Moderate
2025,China,East Asia,Maize,13.8,1167.7,23,6.7,113.7,79.1,3.12,70.5,6.29,12.11,High
2010,Kenya,Sub-Saharan Africa,Soybeans,28.2,963.0,20,6.21,105.4,56.8,2.29,56.1,3.25,4.18,High
2004,Brazil,South America,Maize,20.5,1703.7,15,5.66,110.9,48.0,3.27,71.3,6.97,3.21,Moderate
2005,United States,North America,Coffee,13.7,701.1,9,7.1,163.4,47.3,4.71,53.7,1.77,5.21,Low
2017,Germany,Europe,Soybeans,17.3,717.8,12,6.91,193.4,74.1,6.16,75.3,3.88,0.0,Moderate
2013,Nigeria,Sub-Saharan Africa,Soybeans,22.7,1130.0,21,6.39,80.2,40.2,3.2,48.4,3.34,2.62,High
2006,Nigeria,Sub-Saharan Africa,Barley,27.0,885.3,24,7.35,109.7,52.0,1.78,50.5,4.12,0.0,High
2014,India,South Asia,Maize,21.6,1878.1,18,7.05,28.5,24.5,3.11,63.8,6.93,4.44,Moderate
2001,United States,North America,Rice,17.7,1169.4,11,6.61,235.4,82.5,2.09,21.0,5.63,0.0,Moderate
2017,Nigeria,Sub-Saharan Africa,Maize,27.4,1156.8,18,6.3,102.7,58.4,4.11,77.8,7.09,2.79,High
2016,Australia,Oceania,Maize,21.5,384.6,28,6.69,162.6,55.2,2.19,77.9,7.04,4.64,Severe
2004,Germany,Europe,Barley,12.0,866.8,5,5.24,166.6,65.5,3.95,58.3,5.19,0.0,Low
2023,Nigeria,Sub-Saharan Africa,Wheat,28.3,1280.1,32,6.07,102.7,48.2,3.42,74.7,4.43,2.52,Severe
2006,Australia,Oceania,Soybeans,17.7,666.9,15,6.53,114.6,76.0,3.74,33.1,4.05,0.0,Moderate
2014,Canada,North America,Soybeans,14.1,597.6,11,7.25,130.6,81.5,4.0,68.3,3.62,0.0,Moderate
2002,Brazil,South America,Coffee,27.9,1320.4,14,6.99,182.3,57.4,4.72,61.3,3.5,0.0,High
2016,Indonesia,Southeast Asia,Rice,30.7,1281.2,29,6.68,97.6,44.2,1.36,55.6,5.04,6.93,Severe
2014,Nigeria,Sub-Saharan Africa,Wheat,28.7,1082.7,25,6.59,61.5,34.3,3.45,56.6,3.14,21.46,High
2025,Canada,North America,Wheat,16.2,694.6,23,6.49,147.7,52.6,3.73,73.5,5.18,0.0,High
2019,Kenya,Sub-Saharan Africa,Maize,29.0,1230.3,18,6.49,84.4,42.0,3.76,46.0,6.77,6.38,High
2024,Nigeria,Sub-Saharan Africa,Coffee,25.1,1466.5,35,6.43,142.4,49.3,2.22,82.4,3.42,0.0,Severe
2004,Canada,North America,Soybeans,12.9,995.5,8,6.98,268.6,77.5,4.74,51.8,3.68,0.0,Low
2020,United States,North America,Soybeans,13.3,662.6,13,6.09,207.6,41.3,2.9,68.8,3.5,0.0,Moderate
2006,Germany,Europe,Barley,14.0,920.7,7,7.31,168.9,41.5,3.98,61.1,5.03,0.0,Low
2004,Nigeria,Sub-Saharan Africa,Barley,25.6,1570.3,26,6.57,117.7,57.1,3.06,47.3,4.61,0.0,High
2025,Brazil,South America,Soybeans,24.7,1417.2,31,6.74,156.0,41.8,3.22,84.6,3.72,0.0,Severe
2004,United States,North America,Barley,13.4,853.2,7,,144.7,78.1,4.71,37.8,3.69,3.09,Low
2000,Nigeria,Sub-Saharan Africa,Soybeans,29.2,1276.5,20,6.03,83.8,61.0,1.67,48.1,3.35,2.36,High
2000,Australia,Oceania,Barley,16.5,465.1,11,5.95,146.5,47.8,1.34,42.9,4.46,0.0,Moderate
2004,France,Europe,Barley,15.4,681.1,6,7.57,205.7,58.6,3.21,85.0,4.4,0.0,Low
2011,Argentina,South America,Rice,23.0,1228.3,30,6.35,185.3,62.2,5.66,47.6,5.79,0.0,Severe
2005,Brazil,South America,Maize,20.2,1309.9,12,6.99,157.9,45.5,3.67,45.4,7.17,1.45,Moderate
2009,China,East Asia,Coffee,21.9,1017.9,22,7.23,116.7,48.0,4.63,50.2,2.94,0.0,High
2022,Australia,Oceania,Soybeans,16.2,729.4,22,7.27,159.0,42.7,6.05,66.5,3.75,0.0,High
2006,Germany,Europe,Coffee,16.9,617.8,12,6.84,202.8,50.4,3.04,30.3,2.23,0.0,Moderate
2016,Germany,Europe,Rice,18.2,1164.7,19,6.27,198.3,58.9,1.15,73.4,5.25,3.48,High
2005,Australia,Oceania,Wheat,19.7,462.6,8,6.05,159.2,41.5,5.3,33.8,5.28,0.0,Low
2014,United States,North America,Rice,12.1,548.0,20,5.91,171.2,86.7,2.7,63.9,3.48,27.55,High
2009,Germany,Europe,Wheat,12.3,893.6,11,6.08,115.6,89.6,4.55,53.6,4.3,2.02,Moderate
2001,China,East Asia,Barley,16.6,573.6,9,6.7,153.1,35.6,4.21,59.8,4.57,0.0,Low
2013,France,Europe,Rice,14.5,1082.5,12,5.54,146.8,81.3,2.51,57.1,4.23,8.54,Moderate
2016,Germany,Europe,Maize,14.3,752.2,7,7.14,243.6,56.7,2.41,62.9,7.7,0.0,Low
2021,Argentina,South America,Soybeans,24.1,1596.9,21,6.99,166.4,65.5,2.03,70.8,4.3,0.0,High
2004,Germany,Europe,Coffee,16.8,770.0,12,5.7,138.8,71.0,0.8,51.0,2.25,0.0,Moderate
2024,Australia,Oceania,Coffee,21.8,811.3,22,6.01,131.9,33.6,3.54,58.8,2.67,0.0,High
2001,India,South Asia,Coffee,28.0,1128.2,16,6.85,123.0,24.6,2.46,38.6,2.65,0.0,High
2013,Germany,Europe,Maize,12.3,614.2,11,6.97,57.2,47.5,1.6,55.5,5.4,8.97,Moderate
2016,United States,North America,Soybeans,16.5,750.9,16,6.63,228.6,85.2,3.86,68.6,5.11,0.0,Moderate
2020,Indonesia,Southeast Asia,Maize,32.3,1423.1,39,5.92,119.5,34.1,1.84,69.5,5.68,23.62,Severe
2001,Indonesia,Southeast Asia,Barley,24.9,511.4,20,6.73,94.5,55.6,4.11,51.2,4.15,0.0,High
2010,Canada,North America,Wheat,13.4,846.0,14,5.22,204.8,81.0,3.25,64.2,4.94,0.0,Moderate
2022,Indonesia,Southeast Asia,Coffee,27.1,1056.1,30,5.65,120.5,48.0,3.05,85.9,1.81,14.24,Severe
2021,France,Europe,Soybeans,15.5,684.6,16,7.29,144.7,65.4,2.64,84.3,3.67,0.0,Moderate
2021,Brazil,South America,Coffee,24.6,1440.7,28,6.35,165.5,58.4,3.94,75.5,3.08,0.0,High
2014,France,Europe,Barley,11.8,717.7,9,7.02,155.2,52.5,2.78,68.3,4.11,0.0,Low
2000,China,East Asia,Soybeans,17.7,827.3,13,6.06,117.2,65.0,3.01,37.7,4.27,0.0,Moderate
2011,Indonesia,Southeast Asia,Maize,28.4,658.2,18,6.19,100.7,40.3,2.62,68.8,6.37,8.6,High
2013,United States,North America,Rice,13.3,426.1,13,7.7,229.4,63.0,2.16,43.9,3.91,17.3,Moderate
2007,Nigeria,Sub-Saharan Africa,Wheat,31.7,820.7,26,6.51,61.3,18.7,5.01,58.1,3.23,22.81,Severe
2018,Indonesia,Southeast Asia,Rice,25.4,667.9,23,6.05,118.7,19.3,3.62,71.5,5.38,1.53,High
2011,India,South Asia,Coffee,26.6,509.2,26,6.52,107.4,48.2,3.55,50.3,3.04,0.0,High
2022,France,Europe,Rice,12.8,1057.7,14,6.03,183.7,60.5,3.16,70.4,4.26,11.44,Moderate
2006,China,East Asia,Coffee,22.6,909.3,19,6.55,112.7,53.6,3.22,64.1,2.96,0.0,High
2021,Indonesia,Southeast Asia,Barley,26.1,1314.2,24,7.19,126.0,40.4,2.21,35.5,3.96,2.29,High
2005,India,South Asia,Maize,24.7,1526.8,23,7.14,82.2,60.2,2.55,75.7,6.6,9.57,High
2003,Australia,Oceania,Barley,16.8,269.3,11,7.21,170.0,55.1,5.48,54.0,4.53,0.0,Severe
2018,France,Europe,Barley,9.1,799.8,10,6.69,215.8,76.7,4.89,62.2,4.2,0.0,Low
2007,Nigeria,Sub-Saharan Africa,Barley,26.5,1337.5,17,6.52,107.4,20.2,2.91,80.1,4.7,0.0,High
2006,Australia,Oceania,Wheat,20.4,517.2,20,6.17,200.6,46.9,4.61,49.0,4.66,0.0,High
2000,Australia,Oceania,Rice,20.9,729.6,11,6.77,139.6,75.7,2.91,39.8,6.55,0.0,Moderate
2021,China,East Asia,Wheat,14.8,451.5,25,5.36,70.4,67.2,2.31,92.9,3.94,9.19,High
2004,Indonesia,Southeast Asia,Wheat,27.0,1207.1,12,6.57,58.4,42.2,3.14,34.9,4.43,1.66,High
2010,United States,North America,Maize,18.1,578.8,21,6.19,113.7,46.5,4.26,48.9,6.38,9.18,High
2021,China,East Asia,Barley,21.7,444.1,25,6.28,137.9,46.0,3.75,77.1,4.32,0.0,High
2011,Germany,Europe,Maize,9.7,922.8,9,6.92,181.2,83.1,1.28,59.3,5.35,12.43,Low
2004,Brazil,South America,Maize,18.1,1467.2,9,7.09,121.4,33.8,4.34,36.1,7.92,0.0,Low
2020,Kenya,Sub-Saharan Africa,Coffee,34.1,1119.3,35,6.9,102.3,24.5,2.16,72.1,1.57,27.06,Severe
2018,Brazil,South America,Wheat,22.1,1025.1,20,7.6,130.7,74.4,3.86,88.9,4.58,0.0,High
2010,Indonesia,Southeast Asia,Barley,26.2,1277.4,24,7.14,67.0,15.9,3.72,17.4,3.62,8.46,High
2016,Kenya,Sub-Saharan Africa,Wheat,33.7,1152.1,34,5.34,73.8,32.8,3.38,53.0,1.53,59.47,Severe
2003,Kenya,Sub-Saharan Africa,Barley,23.2,570.6,14,6.34,75.3,38.5,1.84,60.1,3.94,1.5,Moderate
2002,Indonesia,Southeast Asia,Wheat,26.1,1598.2,21,6.34,96.6,15.3,4.85,42.3,4.54,0.34,High
2005,Germany,Europe,Maize,16.6,905.0,9,7.5,120.8,89.9,0.71,46.8,7.01,2.08,Low
2011,China,East Asia,Wheat,22.9,911.9,18,6.52,177.2,46.7,4.4,56.4,5.72,0.0,Moderate
2018,Canada,North America,Wheat,6.5,830.4,11,6.45,200.2,73.9,2.94,55.9,3.88,7.89,Moderate
2006,Kenya,Sub-Saharan Africa,Barley,22.1,1589.1,29,6.6,95.3,,0.5,44.5,4.78,0.0,Severe
2025,Nigeria,Sub-Saharan Africa,Coffee,24.2,1289.8,32,6.5,109.1,26.2,3.86,51.1,2.89,0.0,Severe
2009,Germany,Europe,Wheat,16.0,1184.7,14,7.31,197.7,57.7,5.17,51.6,5.12,0.0,Moderate
2000,China,East Asia,Maize,21.7,833.4,12,5.47,97.0,69.5,3.35,37.2,7.55,0.0,Moderate
2025,Brazil,South America,Rice,22.9,1750.3,27,7.0,140.1,,1.93,90.1,5.79,0.0,High
2022,India,South Asia,Wheat,23.3,813.9,18,5.95,118.7,56.6,4.82,81.9,4.65,0.0,Moderate
2010,Indonesia,Southeast Asia,Barley,22.7,1284.0,21,6.56,107.2,48.6,2.06,59.0,5.24,0.0,High
2022,China,East Asia,Wheat,19.2,908.2,17,7.15,103.1,41.6,3.82,68.4,4.96,0.0,Moderate
2006,China,East Asia,Wheat,21.0,302.0,26,6.44,153.8,74.4,4.55,44.6,5.32,0.0,Severe
2021,United States,North America,Wheat,16.7,911.1,20,6.74,190.0,62.0,2.85,71.6,5.7,0.0,High
2024,China,East Asia,Rice,15.7,388.5,20,5.98,112.1,67.8,3.55,75.8,4.82,9.3,Severe
2011,United States,North America,Wheat,16.8,1093.7,16,6.57,165.8,63.8,0.74,58.3,5.73,0.0,Moderate
2012,India,South Asia,Barley,23.6,1016.5,30,6.51,71.0,63.7,3.56,47.1,3.95,3.19,Severe
2002,Brazil,South America,Soybeans,26.4,1514.1,20,6.18,113.0,50.0,4.97,53.0,3.7,0.0,High
2000,Germany,Europe,Soybeans,14.2,997.8,5,7.43,231.2,57.8,3.55,48.2,3.79,0.0,Low
2007,Brazil,South America,Wheat,23.6,1114.6,21,6.12,136.1,71.4,2.65,59.2,5.06,0.0,High
2020,China,East Asia,Barley,22.4,1039.4,23,6.79,133.8,59.0,2.17,67.1,4.3,0.0,High
2000,Indonesia,Southeast Asia,Coffee,31.2,1452.0,21,7.75,125.1,63.1,3.68,57.0,2.37,0.0,Severe
2002,India,South Asia,Rice,21.4,1210.0,19,6.21,95.5,40.9,3.15,47.2,5.75,0.0,High
2020,China,East Asia,Barley,25.4,1136.0,30,5.97,186.8,41.0,2.35,58.6,4.45,0.0,Severe
2024,Brazil,South America,Rice,24.9,1940.5,29,5.21,93.5,49.1,2.51,67.0,5.26,4.26,Severe
2001,Canada,North America,Wheat,18.3,727.6,6,5.35,208.4,62.6,1.72,41.5,6.17,0.0,Low
2013,United States,North America,Coffee,11.2,559.6,15,6.74,160.4,76.5,2.32,45.3,1.09,30.67,Moderate
2004,Brazil,South America,Maize,19.6,925.0,6,6.29,129.5,36.6,2.59,36.6,8.53,0.0,Low
2003,Argentina,South America,Coffee,26.9,991.8,20,6.52,76.9,62.3,2.2,39.9,3.55,0.0,High
2015,India,South Asia,Coffee,25.7,1478.8,23,7.62,91.2,18.8,1.33,52.3,2.61,0.0,High
2023,United States,North America,Maize,16.7,1029.2,24,6.85,156.1,,4.35,84.2,7.56,0.0,High
2010,Germany,Europe,Barley,11.5,908.5,11,5.82,134.2,61.8,2.35,59.9,4.07,0.1,Moderate
2000,Indonesia,Southeast Asia,Coffee,25.3,1209.5,15,6.27,68.6,44.3,0.77,33.0,2.84,0.0,High
2001,Germany,Europe,Maize,11.7,877.9,4,6.71,261.4,,3.1,33.2,6.8,1.85,Low
2025,Germany,Europe,Maize,14.8,811.3,19,6.36,175.0,53.0,3.94,85.0,6.76,6.03,High
2007,Brazil,South America,Maize,22.9,813.9,20,7.0,122.6,41.2,3.83,56.5,7.74,0.0,High
2003,Brazil,South America,Maize,27.3,1709.4,18,5.88,103.5,61.8,1.76,43.7,7.29,1.31,High
2003,United States,North America,Barley,15.7,632.6,10,6.18,273.0,78.6,4.56,48.5,5.16,0.0,Low
2019,Canada,North America,Barley,18.2,877.8,16,7.29,118.1,80.3,1.71,66.4,4.7,0.0,Moderate
2011,China,East Asia,Rice,20.2,506.8,15,6.87,153.2,77.1,2.65,79.1,5.88,0.0,Moderate
2018,Indonesia,Southeast Asia,Wheat,25.6,790.7,22,7.75,77.0,39.0,4.1,66.4,3.83,10.59,High
2025,United States,North America,Soybeans,12.9,777.0,16,6.19,171.9,75.8,3.47,95.8,3.81,0.0,Moderate
2015,France,Europe,Soybeans,12.3,356.8,12,6.05,215.7,82.5,2.35,50.0,3.37,1.32,Severe
2009,Brazil,South America,Soybeans,22.8,998.9,23,6.42,122.0,54.2,3.17,38.7,4.53,0.0,High
2009,China,East Asia,Maize,23.0,436.5,14,5.96,181.8,44.0,4.09,66.4,7.16,1.56,Moderate
2024,France,Europe,Soybeans,12.2,788.1,18,6.98,287.4,53.1,2.75,77.7,3.68,0.0,Moderate
2015,Australia,Oceania,Rice,15.2,730.2,22,6.8,109.6,62.2,3.05,65.7,3.86,23.58,High
2015,Kenya,Sub-Saharan Africa,Maize,27.9,988.8,25,7.59,113.4,40.0,3.47,64.5,6.61,10.0,High
2017,United States,North America,Soybeans,14.5,725.0,13,6.29,151.0,73.0,2.88,57.4,3.3,3.15,Moderate
2025,Kenya,Sub-Saharan Africa,Wheat,28.5,931.4,36,5.77,78.1,21.0,3.9,96.6,3.6,21.53,Severe
2001,United States,North America,Wheat,12.1,891.4,7,6.03,190.0,89.0,4.71,34.2,4.77,0.0,Low
2014,Australia,Oceania,Maize,23.0,1199.7,23,6.36,172.2,40.1,5.2,67.0,7.83,0.0,High
2017,United States,North America,Rice,17.8,1099.4,21,5.86,214.7,62.7,4.74,80.9,5.22,4.1,High
2019,Canada,North America,Rice,13.1,686.6,22,6.3,41.3,50.5,4.18,47.8,3.23,32.44,High
2025,Argentina,South America,Coffee,28.9,1577.0,30,4.88,228.9,62.1,3.57,70.6,3.07,0.0,Severe
2011,Australia,Oceania,Barley,21.4,796.5,23,5.46,68.2,74.9,4.58,59.1,3.83,3.72,High
2021,Germany,Europe,Wheat,16.3,744.2,19,6.67,160.3,56.9,0.5,71.2,5.05,0.0,High
2022,Nigeria,Sub-Saharan Africa,Maize,26.1,831.3,31,6.91,71.7,42.2,4.18,73.0,6.35,13.71,Severe
2016,Argentina,South America,Maize,23.2,1842.5,26,5.72,133.2,66.1,3.44,63.8,7.22,2.47,High
2008,Australia,Oceania,Soybeans,25.9,636.2,20,6.32,153.3,71.7,4.8,65.4,4.44,0.0,High
2018,Nigeria,Sub-Saharan Africa,Coffee,27.4,1124.5,25,6.81,65.6,34.8,4.91,71.4,2.04,4.2,High
2012,Canada,North America,Barley,11.9,877.7,14,6.91,255.6,81.5,3.86,58.9,4.37,0.0,Moderate
2007,Argentina,South America,Coffee,24.4,1737.9,20,6.96,134.5,72.8,3.2,36.1,3.18,0.0,High
2022,India,South Asia,Rice,27.4,1168.1,23,6.93,86.6,32.2,2.64,43.8,5.72,0.0,High
2007,Germany,Europe,Soybeans,14.5,697.9,8,6.1,164.3,50.0,3.35,53.8,3.67,0.0,Low
2012,Australia,Oceania,Barley,17.1,1045.7,21,7.59,148.7,39.0,3.92,72.4,4.42,0.0,High
2025,France,Europe,Wheat,12.4,943.3,18,7.0,175.2,56.5,2.51,66.4,4.3,3.38,Moderate
2025,Kenya,Sub-Saharan Africa,Maize,31.3,1242.2,25,5.02,89.3,22.8,3.13,74.7,5.87,13.81,Severe
2003,Germany,Europe,Soybeans,12.0,786.9,7,5.75,190.7,63.4,3.43,57.9,3.23,2.08,Low
2017,India,South Asia,Maize,30.0,1146.8,28,5.84,88.2,17.4,2.07,60.2,6.64,9.54,Severe
2009,Nigeria,Sub-Saharan Africa,Rice,26.7,1183.9,29,7.14,85.2,54.1,4.77,73.0,5.5,0.32,Severe
2013,Indonesia,Southeast Asia,Barley,26.8,1550.3,29,7.02,138.6,58.9,3.57,30.7,3.85,4.75,Severe
2012,Indonesia,Southeast Asia,Barley,30.0,1000.3,24,6.51,90.3,23.4,3.37,69.2,2.74,24.0,Severe
2024,France,Europe,Barley,14.3,1057.2,18,,111.6,67.1,2.1,62.7,4.1,0.0,Moderate
2025,Argentina,South America,Soybeans,25.0,1255.7,34,6.72,,30.3,2.66,65.2,3.44,1.21,Severe
2012,Kenya,Sub-Saharan Africa,Barley,31.3,2065.6,26,6.67,148.4,32.4,3.16,59.8,2.36,35.66,Severe
2009,France,Europe,Wheat,10.4,806.9,7,7.22,219.7,85.6,3.21,54.7,4.4,1.02,Low
2018,Australia,Oceania,Maize,28.6,450.3,24,7.24,121.5,60.2,0.61,86.7,6.52,9.96,High
2010,Indonesia,Southeast Asia,Barley,26.6,847.3,21,7.07,95.0,37.0,3.14,62.5,3.8,3.82,High
2018,India,South Asia,Soybeans,32.2,1841.9,24,6.07,81.2,50.4,2.25,61.5,3.0,9.13,Severe
2012,Argentina,South America,Barley,27.1,1881.0,25,5.69,,45.8,4.35,45.9,2.92,20.97,High
2024,China,East Asia,Coffee,25.4,816.9,23,7.0,142.0,75.3,5.21,74.4,3.36,0.0,High
2011,Nigeria,Sub-Saharan Africa,Wheat,28.7,1446.0,20,7.16,,39.8,2.31,63.1,4.16,5.53,High
2010,Argentina,South America,Rice,24.5,1180.0,13,,63.1,37.6,5.06,75.5,5.04,3.27,Moderate
2024,Brazil,South America,Soybeans,20.1,1026.7,21,6.25,155.7,37.6,3.8,69.0,4.15,0.0,High
2019,Indonesia,Southeast Asia,Wheat,28.3,1036.8,22,5.91,88.3,54.6,3.63,48.0,4.18,5.08,High
2008,Germany,Europe,Barley,13.5,1034.8,7,6.16,149.9,57.6,4.29,50.6,4.61,0.0,Low
2025,India,South Asia,Maize,28.6,949.0,31,,69.2,36.9,4.95,73.3,6.45,13.87,Severe
2021,Kenya,Sub-Saharan Africa,Soybeans,23.1,1241.2,17,7.12,57.3,22.8,4.99,52.4,3.98,0.0,Moderate
2006,Argentina,South America,Maize,22.5,1610.8,14,5.54,104.3,57.5,4.96,44.4,7.62,0.0,Moderate
2020,Nigeria,Sub-Saharan Africa,Barley,27.3,1412.9,21,6.82,111.0,,1.23,72.0,3.89,3.34,High
2016,Germany,Europe,Barley,12.7,843.9,11,6.47,137.4,74.5,5.3,78.2,4.98,0.0,Moderate
2013,China,East Asia,Soybeans,20.6,821.7,21,7.62,145.7,40.0,2.69,57.4,3.72,0.0,High
2010,Germany,Europe,Maize,13.1,715.7,11,5.67,,58.7,4.29,50.1,7.0,2.89,Moderate
2001,Argentina,South America,Soybeans,24.9,1495.3,17,6.54,129.6,39.9,6.0,40.8,4.02,0.0,Moderate
2015,Canada,North America,Maize,18.5,1118.1,21,6.52,191.7,,2.86,67.9,7.75,0.0,High
2012,Indonesia,Southeast Asia,Wheat,24.8,1543.1,16,7.18,159.1,16.9,3.64,45.5,4.91,0.0,Moderate
2011,Indonesia,Southeast Asia,Maize,31.0,1003.0,31,6.28,83.8,20.4,2.07,75.4,5.9,20.63,Severe
2021,Nigeria,Sub-Saharan Africa,Maize,25.6,601.0,22,6.81,106.0,34.9,2.49,62.8,7.32,1.19,High
2020,Australia,Oceania,Rice,27.6,801.1,18,7.47,144.6,59.6,1.49,77.0,5.72,0.0,High
2021,Argentina,South America,Soybeans,22.3,1099.8,24,6.96,191.5,38.1,4.0,87.7,3.91,0.0,High
2016,Canada,North America,Barley,20.5,727.0,25,,262.1,74.0,2.55,65.2,5.41,0.0,High
2019,United States,North America,Wheat,15.6,1257.7,19,6.59,158.7,85.7,2.95,80.0,4.96,0.0,High
2019,Indonesia,Southeast Asia,Soybeans,30.7,1212.1,31,6.01,71.1,33.4,0.54,73.3,3.33,4.11,Severe
2007,United States,North America,Coffee,15.7,482.6,12,6.42,111.3,60.9,5.52,45.3,1.9,6.6,Moderate
2020,Kenya,Sub-Saharan Africa,Wheat,26.3,1380.7,25,6.82,105.3,26.0,1.38,66.1,4.08,7.19,High
2004,Canada,North America,Wheat,13.7,911.1,11,6.62,150.0,81.8,5.18,45.2,5.09,0.0,Moderate
2024,Germany,Europe,Barley,17.1,829.4,22,6.57,,80.7,2.98,70.9,5.47,0.0,High
2024,China,East Asia,Barley,20.3,694.3,22,5.26,133.0,56.4,5.53,75.7,4.33,0.0,High
2016,Indonesia,Southeast Asia,Rice,27.9,1398.5,22,6.6,104.7,44.2,4.42,78.3,5.98,0.0,High
2015,Nigeria,Sub-Saharan Africa,Rice,23.3,2028.6,21,7.54,85.6,35.2,3.29,43.5,4.71,10.13,High
2011,United States,North America,Rice,17.3,944.6,12,5.72,,72.0,3.57,39.6,5.06,3.85,Moderate
2010,Germany,Europe,Wheat,11.9,673.2,13,6.22,165.4,53.3,3.13,69.2,5.42,0.0,Moderate
2015,Kenya,Sub-Saharan Africa,Barley,26.1,1055.6,20,6.49,100.7,48.6,5.98,46.2,4.23,0.0,High
2019,Kenya,Sub-Saharan Africa,Soybeans,30.3,1206.8,28,6.52,64.8,35.7,4.38,73.0,3.14,7.97,Severe
2009,China,East Asia,Barley,19.2,635.4,21,6.55,156.2,46.5,3.4,45.8,4.23,0.0,High
2011,Brazil,South America,Maize,23.9,575.6,15,6.04,178.8,37.8,3.99,48.2,7.53,0.0,Moderate
2021,Canada,North America,Barley,17.6,1059.5,20,7.02,179.1,64.6,3.03,69.4,4.4,0.0,High
2019,Brazil,South America,Rice,25.2,1133.7,20,5.37,109.9,63.6,2.4,71.8,6.09,0.0,High
2017,Germany,Europe,Coffee,14.9,460.7,14,6.02,238.6,73.2,2.74,65.8,2.08,2.3,Moderate
2008,France,Europe,Rice,11.5,990.5,15,5.67,238.8,81.0,2.68,64.8,3.55,16.1,Moderate
2004,Australia,Oceania,Soybeans,24.8,440.0,22,6.58,102.5,48.4,4.64,60.2,4.1,0.0,High
2021,Canada,North America,Maize,13.6,726.6,17,7.12,135.6,80.5,4.04,54.8,6.39,8.7,Moderate
2001,India,South Asia,Coffee,23.9,1655.1,14,7.11,93.2,49.7,4.24,49.3,2.64,0.0,Moderate
2007,Australia,Oceania,Rice,14.6,595.2,13,6.82,139.4,33.9,3.7,49.9,4.86,4.91,Moderate
2018,Indonesia,Southeast Asia,Soybeans,28.6,1386.4,30,,69.2,27.3,6.33,62.9,2.96,11.72,Severe
2008,United States,North America,Maize,14.5,475.0,14,6.33,227.2,66.7,1.32,43.8,6.15,6.79,Moderate
2002,Germany,Europe,Maize,8.2,958.0,3,6.2,123.0,48.4,4.48,56.8,5.25,4.11,Low
2015,Brazil,South America,Rice,21.6,1458.1,22,6.81,132.7,25.4,1.79,61.9,5.47,0.73,High
2024,Australia,Oceania,Wheat,17.4,417.5,17,6.96,102.7,44.8,2.52,57.6,4.59,0.0,Moderate
2020,Germany,Europe,Rice,14.2,928.4,15,6.21,161.3,84.4,1.31,80.7,4.85,5.9,Moderate
2009,United States,North America,Rice,12.0,1245.8,12,6.32,113.5,62.3,4.07,49.6,4.21,8.74,Moderate
2005,United States,North America,Soybeans,10.9,1196.1,3,6.38,224.7,59.8,2.45,45.8,3.45,0.12,Low
2015,Nigeria,Sub-Saharan Africa,Soybeans,32.8,1218.8,36,6.82,74.2,29.8,1.7,67.7,2.18,39.89,Severe
2021,Australia,Oceania,Rice,18.1,815.8,22,5.98,133.0,48.9,3.12,72.1,4.59,11.98,High
2016,Canada,North America,Wheat,12.0,696.1,11,6.07,144.1,72.1,2.23,47.6,4.77,0.0,Moderate
2001,France,Europe,Wheat,13.5,1053.2,5,7.72,163.9,60.9,2.22,21.6,4.64,0.0,Low
2025,Nigeria,Sub-Saharan Africa,Coffee,29.0,1186.0,38,7.29,129.8,20.8,5.32,75.6,2.47,0.0,Severe
2011,Indonesia,Southeast Asia,Barley,27.7,1189.8,30,5.32,89.1,57.2,3.08,66.0,2.95,23.77,Severe
2014,Germany,Europe,Rice,11.9,670.9,11,5.77,165.7,67.4,2.01,62.2,3.52,13.76,Moderate
2009,Germany,Europe,Barley,18.3,737.6,15,6.13,122.8,41.0,3.76,66.5,5.05,0.0,Moderate
2000,Indonesia,Southeast Asia,Maize,27.7,1474.3,18,6.16,53.9,29.5,4.44,20.6,6.71,5.3,High
2007,Argentina,South America,Barley,26.0,1545.6,20,5.75,110.3,30.3,4.25,49.6,3.63,7.7,High
2016,Kenya,Sub-Saharan Africa,Maize,29.9,2282.7,37,6.38,142.6,62.7,3.04,67.5,7.26,2.49,Severe
2016,Kenya,Sub-Saharan Africa,Coffee,26.5,1449.2,23,7.61,70.8,54.1,2.74,81.4,1.86,11.65,High
2017,Australia,Oceania,Soybeans,24.8,444.2,23,6.83,128.7,33.7,3.54,56.3,4.27,0.0,High
2003,Brazil,South America,Soybeans,21.6,1328.6,15,6.52,107.6,35.3,1.63,56.1,3.89,0.0,Moderate
2017,Germany,Europe,Barley,9.7,848.8,15,6.02,201.3,53.6,4.29,76.2,3.6,5.37,Moderate
2011,Indonesia,Southeast Asia,Soybeans,28.3,1453.2,28,6.35,82.7,30.7,4.51,41.6,3.97,0.0,High
2011,China,East Asia,Soybeans,22.0,837.2,16,6.89,160.4,43.3,2.99,64.8,4.34,0.0,Moderate
2011,Argentina,South America,Coffee,21.5,1328.2,21,6.83,135.0,28.5,3.39,71.2,2.59,0.0,High
2006,India,South Asia,Soybeans,28.1,969.0,26,5.76,87.5,31.9,3.38,52.4,3.81,0.0,High
2025,Indonesia,Southeast Asia,Wheat,23.9,982.4,13,7.25,92.6,19.8,4.68,76.1,4.59,0.0,Moderate
2019,France,Europe,Coffee,16.5,875.9,23,6.42,208.4,72.3,3.62,58.1,3.0,0.0,High
2003,Germany,Europe,Barley,14.5,812.0,12,6.91,,44.2,2.79,58.7,4.35,0.0,Moderate
2003,China,East Asia,Barley,23.0,449.5,10,5.89,161.2,70.6,2.78,60.8,4.88,0.0,Low
2020,China,East Asia,Rice,29.9,808.2,27,6.47,145.0,77.5,4.41,48.8,5.51,0.15,Severe
2025,China,East Asia,Soybeans,16.3,579.6,22,6.0,113.5,75.5,3.7,59.1,4.09,0.0,High
2005,United States,North America,Rice,11.2,965.4,8,6.93,172.9,42.7,3.55,62.6,4.11,11.49,Low
2014,Argentina,South America,Wheat,18.6,1177.6,25,6.44,149.8,,1.16,75.5,5.28,0.0,High
2016,China,East Asia,Soybeans,26.3,814.0,25,6.27,122.7,45.2,3.24,69.4,3.39,2.1,High
2015,United States,North America,Wheat,13.4,786.0,14,6.3,154.0,40.2,3.6,69.5,4.48,0.82,Moderate
2017,China,East Asia,Rice,17.7,779.7,14,5.65,44.8,63.6,2.49,75.7,4.87,6.51,Moderate
2012,Argentina,South America,Maize,24.8,1613.5,17,7.4,162.1,67.9,4.06,36.8,7.83,0.0,Moderate
2021,Canada,North America,Barley,15.8,878.3,20,5.53,199.0,57.7,4.17,67.7,5.01,0.0,High
2005,Germany,Europe,Barley,9.7,752.9,8,6.19,140.0,58.7,2.97,57.5,3.65,2.57,Low
2020,China,East Asia,Barley,20.8,670.6,26,6.58,142.6,67.5,3.93,52.9,4.93,0.0,High
2001,United States,North America,Maize,14.4,998.5,8,6.86,167.3,57.2,4.2,45.1,7.33,0.53,Low
2018,China,East Asia,Rice,12.0,402.2,10,5.63,104.4,31.9,3.69,80.1,3.59,14.54,Low
2012,Nigeria,Sub-Saharan Africa,Maize,28.3,1603.9,26,5.67,88.2,30.2,3.15,85.3,6.56,10.09,High
2018,Canada,North America,Soybeans,13.1,909.8,14,6.39,148.8,55.6,0.81,53.7,3.04,6.56,Moderate
2007,Nigeria,Sub-Saharan Africa,Rice,24.3,1453.1,14,6.58,44.7,28.1,2.2,53.2,5.33,1.98,Moderate
2000,Australia,Oceania,Rice,20.8,887.5,9,5.98,171.3,30.8,5.34,32.7,5.83,0.0,Low
2023,France,Europe,Coffee,17.0,1235.6,29,6.2,178.7,67.7,4.61,79.4,2.35,0.0,Severe
2017,Argentina,South America,Barley,26.7,1372.4,22,8.35,93.9,49.7,2.32,52.7,3.32,12.89,High
2011,Nigeria,Sub-Saharan Africa,Rice,28.3,304.6,23,7.51,72.0,16.7,2.76,57.8,4.79,9.36,Severe
2014,Brazil,South America,Barley,20.5,1275.5,19,7.05,192.6,56.3,4.48,79.6,4.5,0.0,High
2024,Brazil,South America,Soybeans,24.6,1113.3,23,6.97,173.4,40.1,1.78,74.8,3.79,0.0,High
2015,France,Europe,Maize,10.6,895.0,17,6.61,182.4,56.6,2.11,45.0,6.4,8.3,Moderate
2002,Canada,North America,Rice,15.0,781.7,11,7.85,161.4,83.4,3.25,26.0,4.94,4.64,Moderate
2009,France,Europe,Soybeans,11.2,982.1,10,6.53,174.1,40.6,6.1,29.8,2.74,8.46,Low
2004,India,South Asia,Rice,25.2,1198.6,22,6.18,98.1,44.2,3.19,50.9,5.97,0.0,High
2005,Kenya,Sub-Saharan Africa,Barley,29.7,1283.9,20,6.36,74.8,22.2,3.21,56.0,3.25,15.23,Severe
2021,Indonesia,Southeast Asia,Soybeans,29.4,891.8,29,5.66,74.1,55.3,3.86,68.4,3.59,0.0,Severe
2021,United States,North America,Barley,8.1,722.7,11,6.78,211.1,61.1,1.19,53.9,3.15,7.37,Moderate
2017,Indonesia,Southeast Asia,Wheat,25.4,646.1,31,6.79,93.8,52.0,3.2,62.4,3.81,14.23,Severe
2024,Kenya,Sub-Saharan Africa,Wheat,27.8,917.1,32,6.22,,46.7,4.43,82.9,3.77,16.35,Severe
2010,Indonesia,Southeast Asia,Maize,23.6,1190.6,24,6.88,108.9,40.7,3.86,52.1,7.22,1.95,High
2011,India,South Asia,Barley,27.2,1934.2,23,7.82,109.9,42.3,3.29,51.7,3.28,12.58,High
2001,Australia,Oceania,Wheat,24.3,562.8,25,7.15,135.6,58.4,2.19,38.8,3.93,9.52,High
2005,Argentina,South America,Maize,25.1,1333.8,24,7.16,93.4,55.1,2.46,47.9,7.21,2.0,High
2010,France,Europe,Coffee,11.8,1143.1,16,6.32,190.7,61.6,2.15,51.8,0.86,35.35,Moderate
2021,France,Europe,Wheat,11.8,815.2,16,6.41,233.5,52.6,3.16,75.7,4.88,0.0,Moderate
2022,China,East Asia,Maize,27.9,420.4,29,6.89,98.9,72.0,3.18,46.7,6.64,9.14,Severe
2016,India,South Asia,Coffee,29.2,1260.0,29,6.18,109.7,31.1,2.77,93.7,2.81,0.0,Severe
2016,Australia,Oceania,Coffee,18.1,661.5,20,6.71,148.6,68.3,4.03,56.9,2.74,0.0,High
2004,United States,North America,Wheat,11.1,1011.0,8,6.68,267.6,77.0,5.23,59.8,5.35,0.0,Low
2015,Argentina,South America,Barley,22.4,1727.9,13,6.8,143.5,25.2,1.98,48.9,5.26,0.0,Moderate
2022,Brazil,South America,Barley,26.9,796.9,29,7.41,93.7,53.8,3.76,66.3,3.81,6.54,Severe
2025,Argentina,South America,Maize,24.1,1611.5,26,7.39,232.3,74.9,2.34,60.2,7.29,1.47,High
2010,Kenya,Sub-Saharan Africa,Coffee,26.5,1252.1,23,6.49,90.7,35.5,3.49,50.7,2.83,0.0,High
2005,Indonesia,Southeast Asia,Coffee,31.8,1676.9,21,,85.5,47.0,2.77,52.9,2.15,0.37,Severe
2017,United States,North America,Barley,15.1,585.3,22,6.72,162.6,72.4,3.81,58.3,4.79,0.0,High
2019,Australia,Oceania,Soybeans,16.1,546.2,19,6.95,129.9,75.6,1.44,57.8,3.63,0.0,High
2014,Kenya,Sub-Saharan Africa,Coffee,27.3,910.2,24,6.74,112.9,33.4,3.07,51.8,3.14,0.0,High
2015,United States,North America,Wheat,8.6,900.2,9,5.44,81.9,74.4,3.19,74.7,2.93,14.34,Low
2025,Kenya,Sub-Saharan Africa,Rice,28.4,1383.5,30,7.61,115.3,51.5,3.32,72.5,5.23,4.59,Severe
2023,Nigeria,Sub-Saharan Africa,Wheat,26.0,1021.5,30,6.69,106.2,15.7,2.98,50.8,3.91,12.04,Severe
2012,Kenya,Sub-Saharan Africa,Wheat,31.1,977.1,26,6.63,113.5,51.3,3.01,45.7,3.33,21.17,Severe
2006,United States,North America,Wheat,13.2,731.5,10,5.96,227.5,81.6,3.05,56.6,5.39,0.0,Low
2000,Australia,Oceania,Wheat,18.4,342.6,9,6.86,171.4,72.6,4.74,44.1,5.99,0.0,Severe
2019,India,South Asia,Barley,27.8,984.8,28,6.73,85.5,15.9,2.17,81.8,2.98,24.54,High
2013,Germany,Europe,Barley,17.0,727.1,13,5.97,179.9,49.3,4.13,79.4,4.86,0.0,Moderate
2015,Brazil,South America,Coffee,25.2,1597.8,32,6.85,140.1,35.1,2.72,65.8,2.43,0.0,Severe
2000,India,South Asia,Maize,29.7,1026.8,13,7.23,69.6,35.4,2.43,41.9,6.45,6.06,Severe
2001,China,East Asia,Maize,17.6,888.8,7,5.99,104.2,47.8,4.21,60.9,7.18,0.86,Low
2005,France,Europe,Rice,10.6,420.1,5,6.53,183.9,49.2,3.8,66.5,3.52,10.89,Low
2021,India,South Asia,Coffee,28.0,1579.8,31,6.51,,59.5,3.69,49.5,2.28,0.0,Severe
2023,China,East Asia,Rice,22.4,484.0,16,5.15,120.7,55.3,3.67,53.2,5.57,0.0,Moderate
2018,India,South Asia,Maize,26.4,1607.3,27,6.02,91.9,63.1,3.67,50.5,7.38,0.61,High
2012,Germany,Europe,Barley,17.8,1104.6,16,6.27,,47.6,2.36,66.8,5.13,0.0,Moderate
2011,India,South Asia,Wheat,28.4,1270.6,29,5.73,88.4,22.7,3.95,41.5,3.21,22.69,Severe
2014,Indonesia,Southeast Asia,Coffee,27.2,1442.8,24,6.83,134.6,31.2,2.69,47.0,2.73,0.0,High
2020,Nigeria,Sub-Saharan Africa,Rice,30.0,1295.1,36,6.47,97.8,39.0,1.79,59.4,4.74,13.03,Severe
2000,Brazil,South America,Soybeans,23.4,1885.1,15,6.23,113.0,52.9,4.13,54.5,4.27,0.0,Moderate
2005,Germany,Europe,Rice,10.4,962.3,10,7.0,227.8,59.5,3.62,60.6,3.97,14.1,Low
2008,Argentina,South America,Wheat,26.5,1549.9,22,7.09,163.0,62.6,3.25,59.3,5.8,0.0,High
2010,Australia,Oceania,Rice,21.7,827.6,24,6.31,124.1,79.7,4.44,55.7,5.34,2.77,High
2022,Nigeria,Sub-Saharan Africa,Rice,27.6,177.1,35,6.44,66.4,43.3,1.9,90.5,4.82,13.82,Severe
2021,Indonesia,Southeast Asia,Coffee,28.6,1983.3,40,6.29,81.0,18.4,3.09,46.6,1.83,18.36,Severe
2017,United States,North America,Barley,15.7,902.6,15,5.57,139.4,62.5,2.67,55.2,4.14,0.0,Moderate
2017,India,South Asia,Rice,26.8,1067.9,34,6.64,,40.5,3.12,63.5,4.28,20.99,Severe
2002,Australia,Oceania,Soybeans,23.0,414.6,21,6.05,83.8,60.9,4.87,72.0,3.64,0.0,High
2013,France,Europe,Soybeans,12.9,441.1,16,6.82,215.2,55.7,2.65,64.1,3.42,0.87,Moderate
2009,United States,North America,Maize,18.2,604.8,24,6.9,168.5,80.8,3.04,54.3,7.6,0.0,High
2010,Brazil,South America,Barley,25.0,1554.3,25,6.4,180.5,45.0,4.5,43.0,4.18,0.0,High
2022,Germany,Europe,Rice,15.1,985.9,17,6.28,151.6,41.0,5.43,52.3,5.1,4.28,Moderate
2014,India,South Asia,Maize,28.4,841.3,31,5.81,74.6,48.6,3.64,37.6,6.14,17.56,Severe
2009,Kenya,Sub-Saharan Africa,Soybeans,26.8,1914.5,17,5.92,128.8,33.6,2.16,62.1,3.59,0.0,High
2014,Germany,Europe,Maize,16.5,864.0,14,6.81,208.0,74.3,1.9,67.4,8.12,0.0,Moderate
2019,Kenya,Sub-Saharan Africa,Rice,28.4,1604.0,34,5.54,105.9,53.1,2.75,76.4,5.18,5.77,Severe
2025,Canada,North America,Rice,20.3,837.4,23,6.21,212.9,53.6,4.29,80.6,5.62,0.0,High
2017,Australia,Oceania,Coffee,20.9,1229.2,19,5.82,131.8,47.2,3.97,49.8,2.25,0.0,High
2020,Australia,Oceania,Wheat,21.3,846.9,24,7.2,119.3,48.3,3.82,51.2,4.54,0.34,High
2025,Nigeria,Sub-Saharan Africa,Barley,24.9,1456.3,16,,124.3,27.3,4.38,80.4,4.24,0.0,Moderate
2025,Kenya,Sub-Saharan Africa,Rice,27.1,1351.7,27,7.49,112.4,37.0,3.17,71.7,5.45,0.95,High
2003,Argentina,South America,Coffee,21.4,1098.7,7,6.76,144.4,26.2,2.37,10.9,3.51,0.0,Low
2017,Kenya,Sub-Saharan Africa,Wheat,29.4,1629.6,35,6.88,126.2,21.5,4.21,82.2,3.56,19.89,Severe
2000,China,East Asia,Maize,18.0,484.9,14,5.94,,58.3,2.6,31.0,7.17,1.75,Moderate
2019,Indonesia,Southeast Asia,Maize,24.7,1193.9,29,7.17,102.9,36.9,3.1,73.2,7.01,5.71,Severe
2025,Kenya,Sub-Saharan Africa,Coffee,26.5,1063.1,33,5.7,132.0,52.9,2.46,83.8,2.43,0.0,Severe
2016,Indonesia,Southeast Asia,Soybeans,27.6,1145.0,23,7.08,87.3,50.4,1.73,51.3,3.14,8.28,High
2020,Canada,North America,Maize,20.4,944.6,26,6.09,139.0,70.6,4.08,75.0,6.77,6.4,High
2008,Kenya,Sub-Saharan Africa,Rice,29.7,1105.0,24,5.72,103.5,44.5,2.96,42.9,4.72,12.43,Severe
2025,Australia,Oceania,Maize,18.4,426.0,26,6.28,102.6,68.1,1.41,94.1,7.67,0.0,High
2019,India,South Asia,Coffee,26.5,1288.1,26,6.68,116.1,63.1,2.81,59.7,3.14,0.0,High
2006,Brazil,South America,Barley,24.0,1315.2,17,6.75,138.2,68.1,1.96,50.0,4.75,0.0,Moderate
2025,France,Europe,Soybeans,15.1,943.5,19,6.74,219.1,53.1,3.55,70.9,3.35,2.27,High
2005,United States,North America,Soybeans,14.4,656.4,14,6.35,187.6,60.9,3.05,73.4,3.63,0.0,Moderate
2014,Argentina,South America,Soybeans,24.7,790.5,29,5.76,95.8,67.0,4.01,78.3,3.41,1.86,Severe
2003,United States,North America,Rice,12.6,863.0,6,5.97,254.7,80.2,4.75,41.1,4.93,2.67,Low
2011,Germany,Europe,Soybeans,21.7,884.9,18,7.33,176.7,75.4,3.95,58.4,4.57,0.0,Moderate
2012,Nigeria,Sub-Saharan Africa,Wheat,27.1,1754.9,24,6.1,89.5,41.2,1.94,44.6,3.75,11.67,High
2003,China,East Asia,Coffee,19.0,478.7,16,6.45,133.1,59.7,2.29,65.2,2.1,1.55,Moderate
2025,Germany,Europe,Coffee,16.5,912.6,24,5.94,203.0,72.0,5.14,71.5,2.52,0.0,High
2010,Argentina,South America,Soybeans,21.2,1413.4,22,7.44,99.6,35.8,2.54,71.0,3.97,0.0,High
2024,India,South Asia,Coffee,26.9,771.4,33,5.99,80.1,61.4,1.43,79.3,3.01,0.0,Severe
2000,Germany,Europe,Rice,10.7,488.3,6,6.79,190.2,86.4,5.03,39.3,3.51,10.27,Low
2017,Argentina,South America,Wheat,23.1,1250.7,21,6.65,178.9,54.0,4.18,80.0,5.48,0.0,High
2018,Germany,Europe,Coffee,14.9,870.5,12,5.43,121.9,43.9,1.15,79.6,1.69,8.89,Moderate
2005,Australia,Oceania,Wheat,17.5,665.2,13,5.72,126.0,46.4,4.19,49.4,5.04,0.0,Moderate
2022,Brazil,South America,Soybeans,23.9,1068.0,28,6.25,107.1,30.3,3.59,62.9,3.31,4.02,High
2001,Nigeria,Sub-Saharan Africa,Rice,25.5,1750.3,9,6.99,97.7,23.2,4.07,49.1,6.41,0.0,High
2006,Australia,Oceania,Rice,17.9,430.6,15,6.24,183.6,53.8,2.1,64.6,5.19,2.91,Moderate
2000,Brazil,South America,Soybeans,19.3,1501.8,16,7.42,161.3,26.8,2.73,35.4,3.98,0.0,Moderate
2007,Australia,Oceania,Maize,27.1,431.1,18,6.25,121.5,42.8,4.45,55.1,6.8,5.35,High
2011,Argentina,South America,Soybeans,25.5,1649.0,24,5.51,153.0,68.5,5.25,56.7,3.6,0.0,High
2001,Australia,Oceania,Rice,19.0,430.6,7,,89.4,38.9,2.67,38.6,6.07,0.0,Low
2015,Argentina,South America,Soybeans,24.8,1972.7,17,6.81,86.2,70.5,2.62,69.0,4.11,0.0,Moderate
2009,Canada,North America,Coffee,15.6,926.6,7,6.92,160.7,71.7,1.1,35.5,1.51,11.27,Low
2024,Brazil,South America,Coffee,24.8,1514.2,33,5.2,194.1,31.0,3.73,69.1,2.61,0.0,Severe
2001,Nigeria,Sub-Saharan Africa,Barley,29.2,1545.8,17,5.31,33.4,37.7,3.6,37.9,2.85,14.7,High
2000,France,Europe,Wheat,12.9,836.0,5,5.49,202.2,72.2,4.43,60.5,4.99,0.0,Low
2004,Australia,Oceania,Rice,17.4,1034.2,12,6.93,153.2,65.1,1.78,55.2,5.46,0.43,Moderate
2003,France,Europe,Coffee,14.7,906.8,14,7.01,161.0,62.5,2.73,40.3,2.3,0.0,Moderate
2013,Australia,Oceania,Barley,26.6,734.5,30,6.81,156.5,79.7,3.22,68.0,4.14,0.0,Severe
2011,India,South Asia,Soybeans,29.1,1106.2,23,6.33,83.9,52.6,2.5,59.6,3.53,0.0,High
2020,India,South Asia,Soybeans,25.6,1047.7,25,6.55,70.7,15.2,2.32,62.4,3.43,1.27,High
2021,France,Europe,Soybeans,16.6,913.9,24,7.37,207.9,76.0,3.34,65.7,4.09,0.0,High
2012,Nigeria,Sub-Saharan Africa,Maize,30.6,549.1,27,6.75,93.7,57.7,3.23,35.8,6.93,5.72,Severe
2015,Australia,Oceania,Coffee,18.0,859.7,20,6.14,109.3,67.6,2.57,80.7,2.57,0.0,High
2009,Brazil,South America,Wheat,22.4,1171.1,22,6.94,183.5,41.5,2.91,71.7,5.19,0.0,High
2001,India,South Asia,Maize,24.0,1126.1,16,5.93,88.6,16.6,5.03,28.1,6.99,3.35,Moderate
2019,Nigeria,Sub-Saharan Africa,Soybeans,27.8,728.6,30,7.38,106.3,16.2,4.16,50.5,3.72,0.0,Severe
2005,France,Europe,Coffee,17.2,707.5,7,6.27,224.3,77.0,4.19,48.9,2.59,0.0,Low
2000,Canada,North America,Soybeans,14.9,837.4,9,6.69,203.8,87.7,1.5,46.2,4.74,0.0,Low
2003,Canada,North America,Coffee,18.8,632.1,14,6.21,150.3,83.9,3.86,34.0,3.62,0.0,Moderate
2002,India,South Asia,Wheat,26.1,1222.0,17,6.16,85.6,15.7,3.65,37.3,3.81,7.59,High
2021,Nigeria,Sub-Saharan Africa,Rice,29.2,1069.6,27,5.58,68.8,46.4,3.5,75.1,5.25,4.09,High
2005,China,East Asia,Rice,19.4,517.5,13,6.74,118.6,60.7,4.72,51.7,5.93,0.0,Moderate
2004,India,South Asia,Rice,27.1,1266.6,19,6.63,85.5,50.1,5.86,29.5,6.1,0.0,High
2012,India,South Asia,Barley,24.1,1597.7,13,6.19,104.1,54.6,3.4,70.1,4.22,0.0,Moderate
2018,Germany,Europe,Maize,12.2,760.0,8,6.32,63.9,74.1,2.44,65.8,5.66,10.48,Low
2016,Kenya,Sub-Saharan Africa,Soybeans,28.8,1040.6,24,6.18,79.2,32.8,3.3,59.3,3.55,0.0,High
2006,Argentina,South America,Rice,27.8,1351.5,25,7.17,132.3,73.5,3.94,57.2,6.3,0.0,High
2024,Argentina,South America,Soybeans,23.9,1484.4,25,6.34,146.6,63.2,4.61,54.7,4.02,0.0,High
2010,United States,North America,Wheat,17.6,881.9,16,7.0,199.4,50.8,4.65,43.3,4.8,0.0,Moderate
2020,Germany,Europe,Rice,13.7,905.0,16,7.64,178.5,89.1,2.49,56.9,3.86,16.57,Moderate
2019,Indonesia,Southeast Asia,Rice,24.7,917.2,25,6.1,49.9,48.5,0.76,60.7,5.36,2.08,High
2020,Brazil,South America,Rice,24.9,1119.6,24,6.03,198.4,,3.41,62.3,6.1,0.0,High
2001,Canada,North America,Soybeans,14.2,964.5,6,7.41,206.0,47.3,2.98,55.5,3.5,0.0,Low
2003,Brazil,South America,Barley,24.1,1324.7,17,6.32,145.2,62.5,3.97,27.3,3.44,8.97,Moderate
2000,United States,North America,Soybeans,14.4,866.9,6,6.83,182.9,74.1,3.25,48.2,3.31,1.6,Low
2017,Nigeria,Sub-Saharan Africa,Wheat,23.8,1262.1,17,6.94,,24.3,1.38,71.0,4.38,1.98,Moderate
2015,Australia,Oceania,Rice,14.9,867.2,17,6.72,163.4,57.3,3.39,43.2,5.42,1.08,Moderate
2010,Nigeria,Sub-Saharan Africa,Rice,24.2,1386.0,18,6.47,88.1,18.2,3.41,56.4,5.33,1.77,Moderate
2016,Argentina,South America,Barley,21.8,1079.6,26,5.81,152.6,53.8,0.6,81.0,4.63,0.0,High
2000,Argentina,South America,Coffee,18.0,1088.1,8,6.11,158.3,39.4,2.7,40.8,3.48,0.0,Low
2017,Australia,Oceania,Barley,24.4,760.4,23,6.11,188.1,,3.09,47.0,4.07,0.15,High
2023,Argentina,South America,Maize,24.5,2235.4,27,6.99,78.3,67.0,3.46,63.2,7.15,3.33,High
2010,Indonesia,Southeast Asia,Soybeans,28.2,1385.8,24,6.26,68.2,33.8,4.1,42.8,2.56,23.07,High
2000,Nigeria,Sub-Saharan Africa,Soybeans,23.7,1799.4,11,6.52,90.5,15.8,2.7,46.9,4.02,0.0,Moderate
2014,India,South Asia,Barley,25.9,1583.6,28,6.08,133.8,46.3,1.36,57.1,4.09,0.0,High
2020,Indonesia,Southeast Asia,Wheat,29.7,759.6,32,6.7,144.1,45.7,4.74,74.2,4.0,12.82,Severe
2019,Indonesia,Southeast Asia,Coffee,24.4,1097.0,26,6.72,108.7,60.0,2.26,68.3,2.28,0.0,High
2012,Australia,Oceania,Barley,12.6,833.2,9,6.83,150.6,35.1,3.92,50.7,4.38,0.0,Low
2025,Germany,Europe,Barley,14.9,832.1,25,7.42,273.9,53.8,3.04,104.7,4.2,0.0,High
2008,Argentina,South America,Rice,27.7,1089.6,30,5.92,108.9,69.8,3.63,42.2,5.86,0.0,Severe
2009,Brazil,South America,Soybeans,24.2,2141.3,21,5.91,121.7,28.9,1.9,59.9,3.87,0.0,High
2008,India,South Asia,Wheat,31.0,884.7,20,6.31,65.7,53.2,2.99,63.6,3.2,19.2,Severe
2011,Canada,North America,Maize,11.4,1136.7,12,7.49,187.7,53.3,4.3,70.2,5.93,10.71,Moderate
2020,Germany,Europe,Wheat,17.9,1267.2,23,7.03,195.5,,2.72,65.1,5.6,0.0,High
2021,United States,North America,Soybeans,13.9,635.3,21,7.63,198.3,74.1,1.55,77.3,3.54,0.0,High
2018,Argentina,South America,Rice,22.7,1493.8,23,6.98,163.5,62.6,1.61,87.0,6.3,0.0,High
2016,Germany,Europe,Coffee,10.0,680.3,12,5.81,182.0,81.9,3.63,60.7,0.4,34.21,Moderate
2023,Kenya,Sub-Saharan Africa,Maize,30.2,684.4,27,5.49,89.4,23.6,3.35,75.5,6.31,12.45,Severe
2016,Germany,Europe,Wheat,19.5,1058.2,24,6.54,295.1,44.7,3.12,74.6,5.91,0.0,High
2007,Germany,Europe,Barley,7.0,896.5,5,5.39,195.7,76.5,3.56,68.1,3.44,4.01,Low
2021,Canada,North America,Rice,15.6,992.8,21,6.47,238.2,50.3,2.97,91.6,4.89,7.81,High
2020,United States,North America,Coffee,13.6,1353.9,15,7.06,146.3,49.7,2.74,50.5,2.0,4.45,Moderate
2023,China,East Asia,Maize,20.3,1012.3,22,6.37,124.7,60.6,2.27,94.1,7.03,3.48,High
2008,Argentina,South America,Soybeans,24.1,1262.6,18,6.09,147.1,55.0,3.94,42.3,4.33,0.0,Moderate
2008,United States,North America,Maize,15.5,966.8,12,8.13,182.2,47.7,1.49,44.9,6.85,3.37,Moderate
2014,China,East Asia,Coffee,18.3,572.0,18,6.1,175.7,62.7,2.46,60.4,2.18,0.0,Moderate
2000,Australia,Oceania,Barley,20.8,701.6,22,6.51,153.0,45.1,1.12,40.7,4.74,0.0,High
2010,Brazil,South America,Wheat,19.3,1824.8,15,6.22,45.3,60.8,1.4,44.7,4.53,0.41,Moderate
2011,Germany,Europe,Wheat,12.2,958.8,9,7.57,168.2,79.5,4.15,49.2,4.04,5.21,Low
2018,Germany,Europe,Maize,16.3,860.1,25,7.06,233.8,74.1,1.61,86.3,7.56,0.0,High
2017,Nigeria,Sub-Saharan Africa,Soybeans,22.5,1131.6,23,6.13,85.3,33.3,3.39,76.7,4.03,0.0,High
2008,Indonesia,Southeast Asia,Soybeans,28.1,1510.6,9,5.76,105.3,43.8,2.59,32.4,4.1,0.0,High
2017,India,South Asia,Barley,31.3,880.7,22,6.76,104.3,44.5,3.27,69.4,2.66,26.38,Severe
2020,China,East Asia,Wheat,18.0,778.3,30,6.34,150.6,55.6,2.72,68.6,5.01,0.0,Severe
2019,Brazil,South America,Wheat,25.5,2204.6,21,6.85,116.9,55.8,3.8,69.5,4.84,0.0,High
2014,Kenya,Sub-Saharan Africa,Wheat,28.3,1053.3,22,6.41,93.6,35.7,4.65,65.0,4.2,5.81,High
2011,Australia,Oceania,Coffee,26.0,763.1,22,5.81,120.2,35.6,4.14,44.3,2.45,0.0,High
2017,India,South Asia,Soybeans,29.9,1356.0,35,6.58,105.8,36.4,2.02,71.2,3.27,6.15,Severe
2007,Germany,Europe,Barley,13.9,869.8,8,7.02,159.1,53.7,2.48,52.6,4.68,0.0,Low
2007,China,East Asia,Maize,17.0,1019.5,21,5.71,135.5,73.1,3.77,66.2,6.79,5.9,High
2002,Australia,Oceania,Coffee,18.2,701.8,15,5.94,119.0,59.8,2.26,38.2,2.62,0.0,Moderate
2003,Brazil,South America,Barley,25.6,1317.5,23,5.3,176.6,63.3,2.47,45.6,4.85,0.0,High
2007,Argentina,South America,Rice,23.0,1536.5,18,6.84,146.8,32.3,3.49,55.5,5.82,0.0,Moderate
2025,Indonesia,Southeast Asia,Barley,26.5,1222.6,27,7.21,119.9,28.2,2.95,56.2,2.95,25.94,High
2001,Australia,Oceania,Soybeans,18.8,681.5,4,6.03,147.3,65.8,4.16,31.3,4.13,0.0,Low
2023,Germany,Europe,Coffee,16.8,586.0,16,6.02,221.1,75.2,3.39,89.3,3.05,0.0,Moderate
2023,Brazil,South America,Barley,28.0,1196.8,44,7.03,172.6,44.4,5.5,83.7,2.74,43.45,Severe
2021,India,South Asia,Barley,26.3,1565.8,28,7.69,,18.6,6.41,75.9,3.52,13.05,High
2010,Argentina,South America,Coffee,26.0,1404.0,30,6.24,139.5,58.8,2.7,33.9,2.92,0.0,Severe
2015,Canada,North America,Wheat,15.0,840.4,12,7.05,174.3,79.2,2.55,66.9,5.63,0.0,Moderate
2007,Germany,Europe,Rice,13.0,586.8,7,6.59,213.8,59.2,3.29,54.1,3.97,8.34,Low
2014,Nigeria,Sub-Saharan Africa,Maize,26.8,1039.0,20,5.98,80.4,24.7,3.4,45.7,6.85,5.48,High
2002,France,Europe,Rice,14.4,933.7,9,7.16,102.5,74.5,2.93,35.3,4.39,8.26,Low
2025,Germany,Europe,Coffee,16.5,900.1,23,7.03,160.3,59.0,4.02,79.2,1.79,13.33,High
2010,Canada,North America,Barley,11.3,1077.7,9,6.33,212.9,45.8,2.98,76.8,4.3,0.0,Low
2010,Germany,Europe,Wheat,9.2,1273.5,10,6.11,179.6,73.0,1.41,42.4,4.63,0.0,Low
2018,Brazil,South America,Barley,21.4,1121.4,15,6.13,118.0,43.2,5.35,53.3,4.98,0.0,Moderate
2025,Australia,Oceania,Rice,15.6,372.0,16,5.59,160.3,48.6,3.09,91.4,4.34,9.37,Severe
2007,Canada,North America,Wheat,15.6,987.2,14,6.72,156.0,49.0,0.93,26.3,5.14,0.0,Moderate
2020,Indonesia,Southeast Asia,Rice,25.3,1677.5,30,6.55,112.5,35.2,2.52,84.5,5.41,1.67,Severe
2003,Indonesia,Southeast Asia,Soybeans,30.5,597.1,17,7.0,89.5,32.2,3.55,45.2,3.07,5.51,Severe
2005,United States,North America,Barley,14.2,787.5,10,7.63,171.4,65.6,3.22,50.9,4.23,0.0,Low
2021,Australia,Oceania,Rice,15.1,605.3,22,6.7,163.7,48.9,3.42,67.1,4.89,8.24,High
2020,Germany,Europe,Rice,14.2,513.6,18,6.28,186.8,70.9,4.01,49.7,4.29,12.67,Moderate
2011,Canada,North America,Rice,17.4,757.9,12,6.69,203.9,62.1,1.97,52.7,5.58,0.0,Moderate
2005,Argentina,South America,Rice,24.3,1225.3,14,6.62,107.0,26.7,3.18,31.5,5.9,0.0,Moderate
2006,France,Europe,Barley,15.7,679.9,14,6.35,238.2,86.4,2.36,40.3,5.39,0.0,Moderate
2001,Canada,North America,Coffee,17.8,899.0,13,8.06,174.4,56.6,1.42,75.3,2.13,0.6,Moderate
2005,Brazil,South America,Rice,23.6,1449.7,23,6.4,155.0,60.1,2.75,33.9,5.84,0.0,High
2015,China,East Asia,Rice,23.0,413.1,15,6.6,163.6,59.1,4.69,65.0,6.32,0.0,Moderate
2018,Indonesia,Southeast Asia,Barley,25.7,1211.3,26,7.21,72.7,18.2,1.36,49.0,3.37,13.71,High
2010,Argentina,South America,Coffee,26.5,1180.0,24,5.72,172.6,55.6,5.05,42.4,3.0,0.0,High
2000,Canada,North America,Rice,16.4,1016.5,7,6.69,172.2,48.0,2.46,51.2,5.47,0.33,Low
2008,Canada,North America,Maize,12.8,981.9,8,6.58,,77.3,4.3,57.4,7.33,0.58,Low
2014,Kenya,Sub-Saharan Africa,Soybeans,29.7,1719.9,30,7.88,44.0,16.1,4.61,70.1,1.89,36.37,Severe
2019,China,East Asia,Maize,25.1,997.2,28,7.83,139.2,66.0,5.47,84.2,7.02,4.63,High
2010,Nigeria,Sub-Saharan Africa,Maize,27.5,987.6,23,6.56,81.7,15.8,1.58,58.4,6.75,7.34,High
2002,Nigeria,Sub-Saharan Africa,Wheat,24.2,1304.1,8,6.39,142.9,46.1,2.02,35.5,4.94,0.0,Low
2016,United States,North America,Soybeans,5.1,722.0,8,5.92,200.3,71.6,2.38,50.8,0.76,34.26,Low
2005,France,Europe,Wheat,10.6,716.3,8,6.29,133.5,85.3,2.76,47.1,4.08,3.64,Low
2010,Kenya,Sub-Saharan Africa,Rice,26.3,1066.6,25,6.08,89.8,47.8,3.5,45.7,5.26,3.34,High
2017,Canada,North America,Rice,17.2,743.2,18,6.49,167.4,49.2,2.24,65.1,5.78,0.0,Moderate
2017,United States,North America,Soybeans,15.7,987.7,18,6.42,204.4,84.0,3.91,53.7,3.89,0.0,Moderate
2004,Nigeria,Sub-Saharan Africa,Wheat,27.4,868.6,25,5.99,117.2,25.0,3.31,44.3,4.31,3.98,High
2009,Australia,Oceania,Coffee,19.5,750.0,14,7.18,122.4,53.2,2.93,54.0,2.5,0.0,Moderate
2003,Argentina,South America,Wheat,23.0,1503.1,9,5.53,137.9,54.9,0.58,39.8,5.26,0.0,Low
2009,United States,North America,Wheat,11.5,693.3,10,6.33,208.6,41.4,3.12,47.6,4.47,0.82,Low
2018,Argentina,South America,Maize,21.5,1085.7,25,6.85,152.0,40.3,3.95,49.7,7.9,0.0,High
2005,United States,North America,Coffee,13.1,539.9,9,6.35,186.3,50.1,3.67,50.5,1.49,10.21,Low
2015,Australia,Oceania,Wheat,21.5,735.6,19,6.02,87.9,32.4,3.25,51.9,5.05,0.0,High
2024,Brazil,South America,Rice,26.1,1569.0,28,7.07,124.8,32.0,3.41,81.3,5.78,0.0,High
2001,China,East Asia,Maize,18.0,557.0,16,7.18,77.4,57.9,3.26,48.7,7.08,3.02,Moderate
2012,France,Europe,Rice,11.0,756.7,16,,150.5,44.7,2.39,72.7,2.46,36.51,Moderate
2000,Australia,Oceania,Maize,18.4,699.6,8,7.28,90.0,50.1,4.04,56.1,7.19,0.98,Low
2001,Australia,Oceania,Coffee,25.6,836.5,11,7.44,153.9,62.5,1.52,68.6,3.38,0.0,High
2000,Nigeria,Sub-Saharan Africa,Coffee,23.3,1332.4,21,7.15,89.4,33.1,4.8,37.9,2.54,0.0,High
2024,China,East Asia,Barley,28.6,676.2,32,6.06,136.5,64.7,2.87,72.9,3.84,5.83,Severe
2004,China,East Asia,Barley,16.0,513.0,6,5.74,169.3,59.3,3.24,50.1,4.96,0.0,Low
2013,Indonesia,Southeast Asia,Barley,23.2,809.7,13,6.73,96.8,16.3,2.06,53.5,4.41,0.0,Moderate
2014,Nigeria,Sub-Saharan Africa,Barley,24.1,1746.8,28,6.77,59.9,48.6,2.81,76.3,4.03,1.03,High
2017,Kenya,Sub-Saharan Africa,Barley,28.5,1178.4,22,6.64,99.1,54.9,1.61,80.0,4.39,0.0,High
2019,Brazil,South America,Rice,27.9,1122.8,29,5.94,169.5,32.3,3.45,84.0,5.31,3.3,Severe
2012,Australia,Oceania,Soybeans,19.2,719.3,21,5.89,148.7,66.8,2.01,40.5,4.19,0.0,High
2010,India,South Asia,Soybeans,23.8,1340.9,18,5.79,71.0,42.1,1.92,74.6,3.33,2.8,Moderate
2024,Kenya,Sub-Saharan Africa,Rice,30.8,1312.5,31,6.46,75.2,29.0,2.75,61.3,5.43,1.42,Severe
2023,China,East Asia,Coffee,14.2,840.2,19,7.92,71.7,65.3,1.8,84.2,0.77,42.85,High
2023,France,Europe,Maize,14.1,896.5,21,6.69,166.3,56.0,3.55,85.1,7.19,2.19,High
2017,Brazil,South America,Wheat,16.9,1265.1,16,6.58,135.7,40.5,2.8,74.6,4.94,0.0,Moderate
2010,Argentina,South America,Soybeans,23.7,1388.7,26,6.96,,47.9,3.93,56.9,3.71,0.0,High
2002,Brazil,South America,Maize,25.6,1865.4,12,6.64,87.5,36.7,1.77,38.2,7.31,0.9,High
2010,Nigeria,Sub-Saharan Africa,Rice,23.1,1221.0,25,7.69,119.2,21.8,4.31,70.9,5.0,8.43,High
2018,Australia,Oceania,Wheat,19.8,652.1,18,6.89,101.7,30.1,3.71,60.7,5.38,0.0,Moderate
2018,Germany,Europe,Barley,13.0,860.7,13,6.4,,,4.24,58.9,4.72,0.0,Moderate
2025,France,Europe,Maize,16.1,1003.7,21,6.87,167.8,50.5,2.69,62.2,6.87,4.6,High
2008,Australia,Oceania,Rice,18.3,1003.3,5,6.54,,56.9,3.18,40.8,5.61,0.0,Low
2004,Germany,Europe,Wheat,16.7,996.2,11,6.38,139.7,42.1,4.28,49.7,5.49,0.0,Moderate
2004,Indonesia,Southeast Asia,Wheat,29.6,1562.8,20,6.59,160.5,51.2,3.55,44.3,4.61,0.0,Severe
2017,Germany,Europe,Maize,11.8,638.4,12,6.52,188.8,88.1,2.11,58.8,6.57,4.5,Moderate
2006,Argentina,South America,Rice,21.0,1559.1,11,6.73,85.5,47.2,4.48,61.6,5.96,0.0,Moderate
2023,India,South Asia,Maize,28.5,1052.0,29,6.4,97.9,31.8,3.79,60.0,6.23,13.52,Severe
2008,France,Europe,Maize,14.6,588.4,12,6.64,236.6,55.2,2.4,53.7,7.11,1.57,Moderate
2025,China,East Asia,Soybeans,19.4,294.8,23,,137.0,36.1,3.47,64.4,3.54,0.0,Severe
2021,Germany,Europe,Barley,14.1,1027.0,19,6.46,262.0,46.7,1.17,54.0,4.87,0.0,High
2006,Canada,North America,Coffee,13.1,979.8,12,6.06,258.8,76.0,3.73,51.9,1.32,15.04,Moderate
2013,France,Europe,Soybeans,9.8,738.4,16,6.72,173.1,82.6,4.32,69.3,2.95,6.8,Moderate
2025,Indonesia,Southeast Asia,Coffee,26.3,1279.2,37,5.86,89.0,55.3,2.65,73.4,2.55,0.0,Severe
2013,India,South Asia,Barley,28.2,763.0,27,5.57,77.9,27.2,4.29,51.1,3.43,11.18,High
2024,United States,North America,Maize,16.2,905.6,16,6.22,216.1,87.9,4.3,69.7,7.41,0.27,Moderate
2021,Argentina,South America,Barley,23.0,1121.6,25,5.0,178.7,43.7,2.04,92.6,4.07,0.2,High
2015,India,South Asia,Wheat,30.2,1423.9,30,6.78,59.3,46.9,3.45,70.6,3.21,29.06,Severe
2004,Canada,North America,Maize,8.3,1074.8,7,7.0,211.7,48.7,3.35,64.0,5.45,10.9,Low
2023,Germany,Europe,Wheat,15.2,925.1,17,6.56,226.8,60.6,3.22,76.6,5.3,0.0,Moderate
2020,Australia,Oceania,Rice,19.1,512.0,14,6.71,166.2,,1.85,59.7,6.73,0.0,Moderate
2020,Canada,North America,Maize,10.5,781.5,13,6.24,211.0,45.1,4.0,100.1,6.1,10.29,Moderate
2019,Indonesia,Southeast Asia,Soybeans,26.6,1088.0,34,6.48,107.4,34.1,4.89,77.9,3.48,0.0,Severe
2008,United States,North America,Coffee,16.5,594.4,9,6.74,191.6,46.0,1.86,59.4,2.29,0.0,Low
2025,United States,North America,Barley,9.8,698.4,16,6.51,123.6,84.1,3.24,54.9,3.54,8.89,Moderate
2022,France,Europe,Coffee,15.3,954.4,19,6.24,180.6,41.5,3.11,50.2,1.52,16.49,High
2018,Argentina,South America,Coffee,23.0,1390.2,18,6.61,53.8,68.8,2.93,73.4,2.65,0.0,Moderate
2010,Nigeria,Sub-Saharan Africa,Rice,27.4,1103.4,34,6.07,125.4,,2.72,62.6,5.41,1.82,Severe
2003,Kenya,Sub-Saharan Africa,Coffee,29.3,763.0,29,7.9,82.7,47.2,4.63,29.0,2.93,0.0,Severe
2010,Brazil,South America,Coffee,23.5,1207.0,15,6.56,101.3,40.4,2.32,59.7,2.67,0.0,Moderate
2024,Argentina,South America,Coffee,22.5,1630.6,27,6.79,141.3,71.6,2.19,69.6,3.41,0.0,High
2009,India,South Asia,Rice,28.4,1049.6,22,7.18,102.7,61.0,2.77,64.5,5.56,0.0,High
2004,Germany,Europe,Wheat,13.2,861.8,12,6.47,164.1,84.2,2.92,49.6,5.01,0.0,Moderate
2018,Canada,North America,Maize,10.0,1155.7,18,6.41,203.1,46.7,1.1,71.0,6.54,7.05,Moderate
2020,Australia,Oceania,Soybeans,19.5,456.0,27,5.44,112.3,50.3,3.73,72.9,2.12,29.61,High
2006,Kenya,Sub-Saharan Africa,Barley,26.0,1391.0,16,5.59,94.8,52.7,4.29,51.7,4.17,0.0,High
2012,India,South Asia,Soybeans,26.5,1239.5,30,6.77,141.5,61.5,4.99,44.2,4.28,0.0,Severe
2012,United States,North America,Coffee,10.8,714.4,13,6.3,186.6,69.7,3.21,71.2,0.44,37.13,Moderate
2002,Indonesia,Southeast Asia,Wheat,28.1,644.8,27,5.91,71.1,22.6,2.36,60.5,3.22,20.67,High
2025,United States,North America,Barley,18.8,710.9,33,6.54,168.4,78.7,3.59,59.0,4.05,0.78,Severe
2002,Indonesia,Southeast Asia,Soybeans,24.0,970.2,22,,72.8,43.2,2.32,35.3,3.37,2.29,High
2011,Kenya,Sub-Saharan Africa,Coffee,26.7,1159.4,28,5.96,111.5,18.8,2.63,58.3,2.46,0.0,High
2022,Nigeria,Sub-Saharan Africa,Rice,26.9,875.8,29,7.31,88.5,54.0,2.34,83.5,6.39,0.0,Severe
2015,Germany,Europe,Coffee,21.3,1059.2,19,6.39,207.3,85.4,5.75,65.5,2.88,0.0,High
2020,Argentina,South America,Barley,20.4,1289.3,18,6.84,168.7,31.6,4.32,76.6,4.8,0.0,Moderate
2005,India,South Asia,Barley,22.0,933.9,11,6.48,58.3,35.6,5.04,77.5,4.81,0.0,Moderate
2020,Nigeria,Sub-Saharan Africa,Coffee,24.8,1551.2,23,6.31,172.5,42.3,3.56,93.4,3.77,0.0,High
2000,Indonesia,Southeast Asia,Maize,30.1,1003.8,20,6.99,67.0,47.5,2.3,46.5,6.32,8.95,Severe
2024,Brazil,South America,Coffee,22.7,1356.4,28,7.0,,26.6,3.78,62.5,3.1,0.0,High
2017,Canada,North America,Rice,17.3,588.0,27,5.72,236.8,64.4,3.41,74.2,4.95,8.43,High
2010,United States,North America,Wheat,17.5,966.9,18,7.74,141.5,43.3,2.76,65.0,5.5,0.0,Moderate
2007,Brazil,South America,Soybeans,22.0,1525.8,10,5.58,127.5,58.5,3.53,45.9,4.31,0.0,Low
2022,United States,North America,Soybeans,13.4,895.6,19,6.06,158.9,57.6,2.19,80.8,3.22,4.18,High
2005,Argentina,South America,Soybeans,27.4,922.8,23,6.38,117.1,55.3,3.64,45.9,4.01,0.0,High
2016,Nigeria,Sub-Saharan Africa,Soybeans,23.3,1348.3,13,6.84,80.9,52.2,2.65,58.2,4.21,0.0,Moderate
2001,United States,North America,Soybeans,16.5,1024.7,9,5.74,235.9,64.9,3.02,39.4,4.31,0.0,Low
2011,Germany,Europe,Maize,11.7,295.7,13,6.78,164.2,60.3,3.12,47.8,6.64,4.23,Severe
2018,Brazil,South America,Barley,26.5,1519.0,30,6.22,150.3,33.5,3.43,44.5,4.15,0.0,Severe
2001,France,Europe,Wheat,11.7,1002.8,7,6.67,217.6,42.3,1.67,29.3,4.82,0.0,Low
2022,France,Europe,Wheat,12.8,925.0,22,7.03,183.1,44.4,6.0,91.9,4.35,3.66,High
2006,France,Europe,Wheat,9.4,947.4,15,5.14,178.5,49.8,4.66,40.2,3.53,11.1,Moderate
2000,India,South Asia,Barley,27.5,1232.8,19,6.39,109.3,48.5,5.59,44.8,3.77,3.98,High
2018,Australia,Oceania,Soybeans,19.1,273.5,24,6.43,85.3,77.7,3.39,61.7,3.53,0.0,Severe
2001,India,South Asia,Rice,30.7,379.6,19,6.7,111.4,52.1,4.38,59.5,5.92,0.0,Severe
2014,India,South Asia,Barley,25.4,656.3,29,6.14,92.0,34.1,3.44,66.0,3.64,8.1,Severe
2023,United States,North America,Coffee,13.2,338.9,16,6.16,130.5,73.5,4.5,55.8,0.53,47.19,Severe
2011,France,Europe,Barley,12.8,599.6,13,6.47,130.3,41.6,3.14,61.0,4.09,0.0,Moderate
2005,Kenya,Sub-Saharan Africa,Coffee,23.0,1257.8,17,7.21,170.7,46.3,3.47,51.4,2.91,0.0,Moderate
2018,India,South Asia,Coffee,29.1,766.8,34,6.42,85.3,46.2,5.42,61.1,2.64,0.0,Severe
2015,Indonesia,Southeast Asia,Wheat,29.3,1263.5,27,5.67,131.2,56.5,3.39,49.4,3.46,19.24,High
2002,France,Europe,Barley,11.3,1050.0,7,6.27,240.1,47.6,3.68,43.2,4.82,0.0,Low
2022,Brazil,South America,Maize,23.7,1247.3,28,6.14,180.5,31.5,3.45,62.1,7.6,0.0,High
2005,United States,North America,Maize,14.5,1161.7,11,6.53,206.5,62.3,1.85,46.0,6.61,4.37,Moderate
2001,Germany,Europe,Soybeans,21.8,795.7,10,6.71,170.3,48.3,3.45,51.9,4.41,0.0,Low
2015,France,Europe,Barley,18.1,834.1,20,6.03,191.2,70.5,3.33,64.7,4.92,0.0,High
2012,Indonesia,Southeast Asia,Maize,28.0,778.6,30,6.96,132.0,,4.63,46.4,6.19,15.26,Severe
2022,Indonesia,Southeast Asia,Coffee,27.4,718.3,37,5.8,90.5,30.2,5.31,73.2,1.82,18.25,Severe
2007,United States,North America,Barley,12.0,1117.0,9,5.97,156.5,63.9,3.33,67.7,4.39,0.0,Low
2021,Brazil,South America,Soybeans,23.1,1334.2,26,6.22,190.8,35.3,2.76,79.8,4.81,0.0,High
2000,Nigeria,Sub-Saharan Africa,Maize,29.4,1681.2,13,6.45,46.3,27.2,4.42,38.4,6.29,8.68,High
2013,France,Europe,Coffee,14.5,820.2,13,7.03,172.9,87.7,4.2,52.9,1.9,5.86,Moderate
2008,Canada,North America,Rice,9.9,759.7,3,6.13,166.7,67.5,4.44,73.8,3.69,4.99,Low
2024,Australia,Oceania,Soybeans,25.4,755.4,30,6.64,150.0,,3.12,63.7,3.7,0.0,Severe
2006,France,Europe,Maize,16.3,1226.7,11,6.73,181.2,89.9,4.4,22.3,7.71,0.0,Moderate
2015,Brazil,South America,Barley,23.3,1696.1,21,5.78,84.1,68.8,0.53,52.4,4.42,0.0,High
2015,Nigeria,Sub-Saharan Africa,Soybeans,24.4,1412.1,24,7.24,153.5,35.8,2.47,44.6,3.82,0.0,High
2022,France,Europe,Barley,15.8,554.1,22,5.08,143.2,45.5,2.98,65.4,3.99,1.62,High
2018,Australia,Oceania,Rice,15.5,286.2,18,6.79,61.6,62.5,3.17,70.5,3.83,16.97,Severe
2005,Kenya,Sub-Saharan Africa,Maize,27.5,1388.3,21,6.36,71.2,41.5,2.7,61.4,7.53,0.0,High
2001,Australia,Oceania,Maize,22.5,635.3,11,6.46,151.4,35.4,3.68,62.1,7.65,0.0,Moderate
2001,Argentina,South America,Rice,23.1,1742.0,20,6.56,175.8,36.6,4.33,51.5,6.62,0.0,High
2009,Argentina,South America,Rice,23.6,692.4,17,6.0,170.1,43.2,4.95,47.2,6.02,0.0,Moderate
2008,Australia,Oceania,Barley,22.4,638.8,20,,113.7,71.3,1.51,50.8,4.34,0.0,High
2005,Argentina,South America,Coffee,24.1,1062.5,16,6.7,83.6,55.8,3.54,48.4,3.12,0.0,Moderate
2009,Canada,North America,Rice,15.9,713.7,11,7.14,239.5,76.1,2.49,57.4,5.6,0.0,Moderate
2024,Germany,Europe,Maize,13.2,749.5,15,,179.3,58.3,0.82,54.5,6.42,5.8,Moderate
2016,Argentina,South America,Soybeans,23.1,1683.1,18,6.35,175.5,44.1,3.7,75.2,4.68,0.0,Moderate
2003,Indonesia,Southeast Asia,Maize,28.0,577.6,17,6.32,99.1,27.9,3.48,44.8,7.34,0.78,High
2019,Australia,Oceania,Maize,21.3,606.8,11,5.74,85.4,60.2,2.08,70.7,6.67,4.69,Moderate
2001,United States,North America,Rice,11.3,654.1,5,6.48,163.0,82.5,1.79,32.2,3.97,8.53,Low
2007,Germany,Europe,Soybeans,12.9,1200.4,8,7.02,148.9,57.7,3.52,62.6,2.66,9.19,Low
2020,India,South Asia,Barley,31.4,875.8,27,6.06,67.0,59.5,2.84,65.8,2.46,36.98,Severe
2019,Argentina,South America,Barley,22.2,1682.1,16,6.47,77.6,41.4,2.72,62.8,4.67,0.0,Moderate
2012,Kenya,Sub-Saharan Africa,Coffee,27.0,1197.3,21,6.43,85.1,31.5,3.12,55.1,2.84,0.0,High
2018,France,Europe,Rice,13.2,1021.5,12,6.3,224.2,56.8,2.55,63.7,4.52,7.4,Moderate
2002,Indonesia,Southeast Asia,Wheat,28.1,1446.7,20,6.54,77.5,39.2,1.43,53.5,3.76,11.69,High
2015,Indonesia,Southeast Asia,Rice,30.6,1413.7,31,,103.7,15.3,4.03,78.0,5.06,6.99,Severe
2016,United States,North America,Coffee,15.3,1287.0,17,,188.7,56.6,3.28,70.1,2.43,0.0,Moderate
2016,Brazil,South America,Soybeans,24.8,1471.5,30,6.12,201.6,35.7,4.36,49.8,4.46,0.0,Severe
2008,United States,North America,Wheat,13.8,952.2,14,5.92,174.2,,4.34,64.9,5.17,0.0,Moderate
2015,Nigeria,Sub-Saharan Africa,Soybeans,26.2,442.0,22,5.42,117.0,55.5,4.72,81.1,3.76,0.0,High
2015,China,East Asia,Wheat,24.4,545.1,19,5.33,183.6,48.8,2.01,54.9,4.78,0.0,High
2023,India,South Asia,Maize,25.6,1234.4,29,6.89,76.3,27.4,3.74,78.3,6.8,7.02,Severe
2010,Kenya,Sub-Saharan Africa,Coffee,29.9,837.9,25,6.22,75.7,37.0,2.12,59.1,2.01,5.67,Severe
2009,Kenya,Sub-Saharan Africa,Coffee,27.5,714.7,25,5.73,81.9,31.9,2.1,57.3,1.55,22.09,High
2021,Argentina,South America,Wheat,22.0,1600.9,17,7.07,94.0,33.0,2.3,64.8,5.01,0.0,Moderate
2025,India,South Asia,Maize,27.3,1244.2,40,6.28,64.6,63.3,2.76,71.0,6.32,15.42,Severe
2023,Nigeria,Sub-Saharan Africa,Rice,32.5,1459.0,28,7.16,106.7,31.3,3.4,89.4,4.49,14.49,Severe
2005,France,Europe,Soybeans,11.0,997.9,6,6.07,197.2,89.3,2.58,64.3,2.98,4.04,Low
2004,France,Europe,Coffee,14.2,905.5,8,5.93,163.6,67.0,4.9,29.8,1.26,19.37,Low
2009,Kenya,Sub-Saharan Africa,Soybeans,27.6,886.6,20,6.28,103.8,50.8,4.24,44.1,4.22,0.0,High
2025,Argentina,South America,Soybeans,25.7,1495.6,23,6.89,179.2,73.1,4.18,55.2,3.92,0.0,High
2003,Canada,North America,Wheat,8.7,755.2,6,6.6,248.4,79.3,4.0,51.9,4.52,0.31,Low
2001,China,East Asia,Coffee,20.2,464.0,18,7.07,194.1,74.2,4.02,66.4,3.38,0.0,Moderate
2010,Australia,Oceania,Soybeans,22.2,766.3,19,5.99,114.6,72.2,1.92,78.8,3.78,0.0,High
2011,Nigeria,Sub-Saharan Africa,Wheat,26.2,1334.7,28,7.62,79.8,20.6,5.61,59.2,3.59,17.99,High
2003,Brazil,South America,Soybeans,22.9,1229.2,19,6.49,159.2,39.4,3.29,53.6,4.71,0.0,High
2025,Australia,Oceania,Wheat,21.7,675.0,23,6.61,128.2,62.3,4.2,85.0,4.86,0.0,High
2019,Canada,North America,Barley,18.0,1207.0,19,6.4,144.5,65.3,4.25,68.7,4.92,0.0,High
2017,Indonesia,Southeast Asia,Wheat,27.1,1134.8,30,5.55,84.0,47.7,2.29,63.5,3.63,18.16,Severe
2012,India,South Asia,Rice,26.0,847.4,26,6.54,90.3,37.8,1.98,50.7,5.13,5.89,High
2021,China,East Asia,Rice,16.9,739.2,35,5.76,44.2,50.7,3.32,77.2,3.77,31.81,Severe
2007,Australia,Oceania,Maize,25.1,351.4,17,6.23,106.4,59.5,2.51,54.7,6.56,7.34,Severe
2003,Nigeria,Sub-Saharan Africa,Maize,24.5,1646.3,20,6.01,73.5,48.5,1.95,59.5,6.77,6.12,High
2014,France,Europe,Barley,20.4,816.6,15,6.93,229.3,69.5,3.26,61.8,4.97,0.0,Moderate
2012,India,South Asia,Soybeans,26.8,940.1,22,6.2,121.4,23.2,5.2,59.6,3.32,2.8,High
2004,Brazil,South America,Soybeans,24.8,1300.3,21,5.73,151.9,59.9,3.12,59.6,3.5,0.0,High
2025,Kenya,Sub-Saharan Africa,Coffee,29.8,1265.0,36,6.87,89.8,39.2,2.46,80.5,1.73,18.57,Severe
2008,Kenya,Sub-Saharan Africa,Rice,26.9,1458.5,16,7.3,51.7,62.7,4.47,48.8,4.72,9.19,High
2020,India,South Asia,Coffee,25.7,741.2,26,6.13,65.6,44.6,4.39,68.7,2.14,0.84,High
2025,China,East Asia,Wheat,30.8,394.4,34,6.52,102.3,50.3,3.81,78.1,2.99,36.77,Severe
2018,Germany,Europe,Wheat,17.8,1137.2,23,6.76,227.9,59.1,3.46,92.6,5.15,0.0,High
2024,France,Europe,Maize,14.4,954.2,13,6.4,189.7,76.3,2.41,59.5,7.17,1.98,Moderate
2002,Australia,Oceania,Coffee,18.4,525.1,8,5.93,162.3,37.7,4.04,41.0,2.37,0.0,Low
2022,Australia,Oceania,Wheat,21.6,622.4,23,6.83,117.3,49.0,4.41,89.0,5.35,0.0,High
2021,Nigeria,Sub-Saharan Africa,Coffee,32.8,1585.2,30,5.64,97.8,64.9,1.16,80.0,1.96,7.24,Severe
2020,Argentina,South America,Wheat,21.8,1306.2,23,8.11,184.8,70.2,2.54,49.1,5.05,0.0,High
2014,United States,North America,Coffee,18.2,770.3,13,6.67,193.2,47.1,4.69,82.1,2.7,0.0,Moderate
2014,United States,North America,Barley,15.4,972.0,17,8.18,174.2,83.6,3.74,66.5,3.98,1.67,Moderate
2011,Nigeria,Sub-Saharan Africa,Coffee,22.7,1474.5,19,7.35,111.2,65.0,3.04,57.6,3.09,0.0,High
2003,Argentina,South America,Rice,22.8,1128.7,16,7.29,111.4,39.9,5.7,61.3,5.35,1.47,Moderate
2021,Kenya,Sub-Saharan Africa,Maize,26.4,1439.1,28,5.63,92.0,29.5,4.86,79.0,7.08,4.1,High
2001,Australia,Oceania,Soybeans,13.7,617.6,7,6.19,137.9,41.6,1.24,48.2,3.98,0.0,Low
2012,Indonesia,Southeast Asia,Barley,29.4,1328.7,31,6.52,172.4,60.8,4.21,59.9,3.87,5.17,Severe
2008,Indonesia,Southeast Asia,Barley,23.1,1275.1,18,7.32,101.6,27.4,2.42,60.2,3.98,1.47,Moderate
2004,China,East Asia,Coffee,25.1,678.8,22,6.6,81.9,40.8,4.64,60.2,2.05,3.77,High
2013,Germany,Europe,Soybeans,16.8,661.5,16,6.5,117.3,61.8,2.32,76.1,3.39,1.69,Moderate
2003,Indonesia,Southeast Asia,Soybeans,24.1,1638.5,17,6.36,89.6,22.4,3.73,55.1,4.28,0.0,Moderate
2019,Canada,North America,Coffee,14.0,971.9,15,6.38,191.2,58.6,3.24,83.9,1.91,5.34,Moderate
2023,India,South Asia,Soybeans,27.5,832.5,21,6.55,84.3,19.0,2.76,73.5,4.03,0.0,High
2022,France,Europe,Maize,15.2,1069.4,23,6.08,145.4,41.2,2.97,72.4,7.03,4.62,High
2025,United States,North America,Wheat,15.0,863.7,18,5.45,162.5,75.3,1.04,61.6,5.23,0.0,Moderate
2018,Nigeria,Sub-Saharan Africa,Barley,28.4,1148.6,38,6.66,88.2,43.3,4.68,62.4,2.84,34.32,Severe
2019,Indonesia,Southeast Asia,Maize,31.1,1353.2,28,5.72,118.1,28.7,3.59,80.1,6.58,10.03,Severe
2022,Canada,North America,Wheat,9.8,693.8,25,7.32,160.5,62.5,2.01,76.9,3.78,11.97,High
2013,Germany,Europe,Maize,8.1,734.9,7,7.11,200.5,87.9,3.76,75.4,5.08,7.23,Low
2008,Canada,North America,Soybeans,12.3,684.7,7,7.56,145.3,83.8,3.33,58.9,2.93,3.77,Low
2007,India,South Asia,Rice,22.4,1265.7,10,6.27,153.6,57.7,3.99,73.7,5.67,0.0,Low
2021,Indonesia,Southeast Asia,Soybeans,26.6,1654.2,28,8.4,139.0,63.5,4.02,80.1,3.3,3.99,High
2001,Indonesia,Southeast Asia,Rice,25.4,1474.9,9,5.91,68.7,15.4,2.23,47.5,5.19,2.39,High
2017,Nigeria,Sub-Saharan Africa,Soybeans,24.7,1293.6,31,6.42,87.2,48.9,4.27,40.9,3.46,0.59,Severe
2024,Argentina,South America,Maize,22.2,1351.5,28,6.63,220.9,73.9,3.82,78.3,8.53,0.0,High
2021,Argentina,South America,Coffee,21.6,1469.9,24,5.79,108.8,65.0,3.65,80.7,2.51,0.0,High
2021,United States,North America,Coffee,14.5,917.9,21,6.57,120.3,65.5,5.13,92.0,1.68,13.07,High
2013,France,Europe,Coffee,16.6,752.3,15,6.27,297.2,61.7,3.26,66.7,2.86,0.0,Moderate
2012,China,East Asia,Soybeans,23.1,204.7,17,5.41,151.5,60.8,4.73,50.6,3.92,0.0,Severe
2015,Germany,Europe,Barley,16.6,1138.0,27,6.62,194.1,79.7,1.36,64.7,5.02,0.0,High
2022,Canada,North America,Wheat,20.9,774.2,11,6.71,141.6,,2.12,61.1,5.15,0.0,Moderate
2013,Argentina,South America,Rice,27.9,722.6,19,5.93,136.6,52.8,4.13,51.0,6.06,0.0,High
2001,Argentina,South America,Coffee,21.0,1754.2,12,6.62,179.8,41.5,1.84,39.8,3.38,0.0,Moderate
2020,Germany,Europe,Barley,15.4,1043.0,23,7.53,222.7,87.9,4.53,58.4,5.0,0.0,High
2021,China,East Asia,Coffee,14.7,793.0,14,7.34,103.9,48.9,2.32,77.1,1.32,15.4,Moderate
2024,Canada,North America,Coffee,12.3,791.0,18,7.24,167.5,68.5,2.49,72.6,1.12,28.03,Moderate
2018,Canada,North America,Maize,17.5,695.5,18,6.6,182.0,81.6,2.45,58.7,7.84,0.0,Moderate
2025,Nigeria,Sub-Saharan Africa,Barley,25.3,1117.5,23,6.37,71.3,29.2,3.52,80.1,3.99,1.54,High
2000,India,South Asia,Barley,28.3,1382.3,11,5.9,103.6,52.5,2.13,41.3,4.04,0.39,High
2016,Indonesia,Southeast Asia,Soybeans,29.6,1354.6,39,6.03,,23.5,3.33,61.7,2.95,18.1,Severe
2014,Australia,Oceania,Wheat,22.1,1023.5,16,6.22,110.3,56.3,2.24,72.1,5.1,0.0,Moderate
2021,Nigeria,Sub-Saharan Africa,Rice,32.1,1101.8,27,6.01,,,3.9,65.9,4.07,23.83,Severe
2009,Argentina,South America,Soybeans,25.0,1329.0,18,5.43,155.5,33.9,4.48,55.5,3.19,4.53,High
2014,Australia,Oceania,Soybeans,21.9,560.9,20,5.95,177.3,35.5,2.23,59.7,3.16,7.14,High
2013,Kenya,Sub-Saharan Africa,Rice,25.5,1451.5,29,7.19,146.4,59.2,4.79,67.6,6.29,0.0,Severe
2009,Indonesia,Southeast Asia,Soybeans,21.4,1123.3,16,6.98,92.5,53.4,2.87,57.9,4.25,0.0,Moderate
2022,United States,North America,Coffee,21.8,843.7,29,5.65,113.6,84.9,4.15,63.0,3.01,0.0,Severe
2005,India,South Asia,Soybeans,24.4,949.4,14,7.41,108.9,27.3,4.21,30.5,4.34,0.0,Moderate
2021,Brazil,South America,Wheat,24.4,1294.7,22,6.76,106.3,61.0,2.18,61.2,5.05,0.0,High
2020,India,South Asia,Wheat,30.2,1392.0,25,5.79,80.6,63.3,3.89,78.6,3.29,20.6,Severe
2015,China,East Asia,Rice,19.1,504.4,22,6.67,97.8,32.6,2.58,69.5,4.69,10.88,High
2003,Canada,North America,Barley,17.3,761.3,13,7.41,234.7,89.1,1.76,57.0,5.48,0.0,Moderate
2011,Brazil,South America,Wheat,20.2,1346.2,18,6.14,123.3,42.5,5.64,65.5,5.05,0.0,Moderate
2011,France,Europe,Barley,13.8,501.3,12,6.87,194.8,83.1,4.03,57.2,5.19,0.0,Moderate
2022,Canada,North America,Soybeans,12.1,493.0,10,5.78,185.7,89.1,3.93,71.9,2.91,6.34,Low
2024,Indonesia,Southeast Asia,Maize,27.1,869.9,44,5.99,85.8,21.7,4.81,70.1,5.82,28.9,Severe
2002,Australia,Oceania,Wheat,20.0,624.8,15,6.76,105.4,74.5,2.76,56.3,5.73,0.0,Moderate
2019,Kenya,Sub-Saharan Africa,Coffee,20.7,1618.4,17,6.69,83.4,44.4,5.68,78.0,3.59,0.0,Moderate
2013,France,Europe,Rice,14.8,1005.8,13,5.6,210.0,53.1,4.93,50.5,4.62,8.74,Moderate
2014,Indonesia,Southeast Asia,Rice,26.1,1374.6,22,7.84,101.9,59.2,3.35,65.4,4.65,12.18,High
2012,China,East Asia,Maize,28.8,609.1,23,5.84,111.5,33.5,0.66,66.2,6.55,9.51,High
2007,India,South Asia,Rice,26.7,1239.4,22,7.08,96.2,47.0,5.53,55.4,5.69,0.0,High
2008,Brazil,South America,Soybeans,21.5,1457.8,15,7.55,140.3,48.0,2.22,68.5,4.39,0.0,Moderate
2021,Australia,Oceania,Wheat,16.4,568.7,25,8.05,146.5,72.9,3.13,83.7,4.36,3.74,High
2024,Germany,Europe,Maize,12.1,940.2,19,5.97,212.8,79.3,4.71,64.5,6.39,9.29,High
2013,China,East Asia,Coffee,20.5,764.6,27,6.53,90.0,70.9,3.17,71.3,2.28,0.0,High
2025,Nigeria,Sub-Saharan Africa,Soybeans,28.4,1394.1,30,6.15,148.7,39.8,4.65,74.4,3.7,0.0,Severe
2001,India,South Asia,Rice,22.1,884.5,15,5.88,,64.7,2.34,53.5,5.46,0.46,Moderate
2011,China,East Asia,Soybeans,19.5,714.6,12,6.56,161.3,73.1,3.71,81.4,4.73,0.0,Moderate
2002,Indonesia,Southeast Asia,Barley,29.3,1173.8,18,5.5,57.6,63.0,3.0,48.5,3.83,3.23,High
2009,Germany,Europe,Wheat,13.1,997.4,14,6.66,141.2,43.2,3.53,60.5,4.69,0.0,Moderate
2007,Australia,Oceania,Maize,17.2,1046.2,13,6.89,173.5,39.7,2.66,65.2,7.15,2.27,Moderate
2001,Kenya,Sub-Saharan Africa,Rice,25.8,1416.4,25,6.92,107.5,24.3,3.35,32.4,5.35,2.46,High
2014,Brazil,South America,Rice,28.3,893.8,31,6.84,102.9,50.5,5.09,69.9,5.79,0.0,Severe
2008,Australia,Oceania,Wheat,18.2,567.3,15,7.12,103.4,48.5,2.82,45.3,5.15,0.0,Moderate
2012,Argentina,South America,Rice,26.5,1243.4,22,6.19,178.0,54.8,2.2,69.5,6.31,0.0,High
2016,Argentina,South America,Barley,25.2,1555.8,16,6.03,185.3,25.7,2.85,63.6,4.31,0.0,High
2000,Australia,Oceania,Soybeans,16.6,766.4,9,7.4,121.1,53.4,2.4,44.4,3.91,0.0,Low
2000,Germany,Europe,Barley,16.6,964.4,8,5.94,111.3,85.4,2.62,50.7,4.3,0.0,Low
2025,Indonesia,Southeast Asia,Barley,23.8,1154.3,22,5.62,114.8,25.2,3.52,90.5,3.38,14.19,High
2023,Brazil,South America,Barley,23.5,902.3,28,6.25,175.2,42.7,5.2,78.2,4.91,0.0,High
2012,Germany,Europe,Maize,7.3,963.5,5,7.63,142.9,,4.32,54.7,4.7,7.7,Low
2023,Kenya,Sub-Saharan Africa,Coffee,29.0,1113.0,33,6.34,79.8,53.8,3.96,73.2,2.83,0.0,Severe
2014,Germany,Europe,Soybeans,14.5,734.8,13,6.96,174.0,59.0,3.15,48.3,4.48,0.0,Moderate
2012,Nigeria,Sub-Saharan Africa,Barley,29.3,816.6,18,6.52,116.2,36.3,3.66,65.8,3.38,9.6,High
2025,Canada,North America,Wheat,11.0,872.0,23,6.87,,68.6,4.46,91.7,4.07,8.01,High
2006,Nigeria,Sub-Saharan Africa,Maize,28.9,1417.6,24,6.74,125.8,64.6,2.06,66.3,6.85,5.06,High
2021,Argentina,South America,Soybeans,22.4,1348.2,11,6.3,129.3,72.7,2.47,58.8,5.09,0.0,Moderate
2000,Nigeria,Sub-Saharan Africa,Wheat,24.7,1397.7,11,6.13,100.8,17.2,2.89,41.4,4.77,0.0,Moderate
2010,Brazil,South America,Maize,21.8,1915.3,21,6.98,151.9,56.1,4.21,43.3,8.22,0.0,High
2022,France,Europe,Soybeans,14.9,838.0,19,5.88,168.3,57.8,6.72,76.5,3.73,0.0,High
2018,Kenya,Sub-Saharan Africa,Rice,26.4,1373.5,28,7.57,100.0,56.7,4.08,59.4,4.84,10.72,High
2006,Argentina,South America,Coffee,25.3,1667.6,19,6.58,175.6,,3.7,63.1,3.65,0.0,High
2007,Nigeria,Sub-Saharan Africa,Soybeans,25.8,1852.1,23,6.06,109.5,21.9,2.53,46.5,4.19,0.0,High
2021,United States,North America,Barley,15.4,1066.8,16,6.26,186.3,59.0,3.85,73.3,4.8,0.0,Moderate
2012,Argentina,South America,Maize,26.0,1770.9,22,7.15,124.3,74.1,2.81,46.5,7.03,3.86,High
2017,Kenya,Sub-Saharan Africa,Maize,30.9,693.6,23,5.46,75.9,20.6,1.39,67.0,5.84,17.87,Severe
2007,China,East Asia,Wheat,17.2,775.7,16,6.83,171.6,48.3,2.15,30.1,4.74,0.0,Moderate
2017,India,South Asia,Wheat,25.3,1084.6,25,6.46,154.5,56.7,2.3,60.5,4.93,0.0,High
2020,Kenya,Sub-Saharan Africa,Coffee,26.4,1797.3,30,7.13,81.5,15.7,2.43,75.7,2.47,0.0,Severe
2012,United States,North America,Soybeans,9.9,913.6,9,,199.1,54.6,2.53,55.3,3.28,1.85,Low
2013,Kenya,Sub-Saharan Africa,Maize,24.2,844.2,24,6.44,143.7,21.9,2.11,66.6,7.17,2.6,High
2016,Brazil,South America,Soybeans,22.2,1674.6,24,6.12,143.6,34.2,2.6,65.9,4.2,0.0,High
2011,Indonesia,Southeast Asia,Wheat,25.5,1107.4,26,7.02,102.1,39.3,4.02,62.7,3.88,12.81,High
2003,Nigeria,Sub-Saharan Africa,Wheat,26.1,1162.2,14,7.0,86.9,,2.31,63.0,4.61,0.0,High
2001,Australia,Oceania,Maize,19.8,553.1,10,6.03,105.8,68.3,1.37,47.1,7.7,0.0,Low
2001,Kenya,Sub-Saharan Africa,Soybeans,27.2,952.1,22,5.78,140.1,22.8,2.22,51.4,3.53,0.0,High
2000,Germany,Europe,Soybeans,13.1,711.3,5,6.39,180.7,50.3,2.31,46.7,2.92,6.37,Low
2006,Germany,Europe,Wheat,15.1,722.0,15,6.24,162.0,71.8,3.26,78.2,5.12,0.0,Moderate
2016,Nigeria,Sub-Saharan Africa,Rice,31.5,948.7,32,6.17,86.9,35.8,4.74,76.7,4.68,13.74,Severe
2012,Indonesia,Southeast Asia,Barley,28.6,915.7,22,6.43,90.6,59.4,4.07,34.1,3.55,10.75,High
2018,Australia,Oceania,Rice,26.0,716.2,35,6.18,116.0,65.1,4.38,74.0,5.98,0.0,Severe
2018,Kenya,Sub-Saharan Africa,Rice,27.7,994.1,20,6.51,64.5,22.2,1.62,82.5,5.39,1.35,High
2025,Australia,Oceania,Wheat,18.6,1059.8,32,5.35,162.4,36.8,2.91,76.6,5.09,0.0,Severe
2005,Argentina,South America,Wheat,23.3,1566.5,20,7.46,145.2,43.9,2.1,49.7,4.24,4.34,High
2013,Germany,Europe,Rice,18.1,1148.0,14,7.67,131.5,48.2,4.12,51.3,5.05,5.0,Moderate
2000,Indonesia,Southeast Asia,Wheat,25.3,1008.8,22,7.4,116.2,53.2,2.24,43.3,4.15,6.98,High
2016,Australia,Oceania,Soybeans,25.0,441.9,30,6.46,130.6,48.2,2.26,56.1,4.13,0.0,Severe
2010,France,Europe,Soybeans,13.9,1038.5,10,6.28,183.1,55.8,2.84,69.0,3.94,0.0,Low
2001,France,Europe,Wheat,12.8,872.0,12,5.37,115.1,82.2,1.22,58.6,4.16,3.96,Moderate
2017,India,South Asia,Barley,32.7,1243.9,28,6.02,104.7,40.8,5.09,50.1,2.45,34.23,Severe
2003,France,Europe,Barley,18.2,477.1,11,7.37,269.8,85.0,2.29,41.8,5.15,0.0,Moderate
2019,Argentina,South America,Maize,24.5,1517.6,24,7.27,150.8,57.9,3.68,63.2,7.07,4.24,High
2023,United States,North America,Rice,11.0,538.0,21,5.06,223.8,73.9,1.65,33.6,3.92,18.68,High
2003,United States,North America,Maize,14.7,805.8,11,6.97,214.3,76.3,6.11,49.3,7.73,0.0,Moderate
2016,Australia,Oceania,Rice,23.6,497.6,18,7.21,147.3,66.0,4.08,56.3,5.37,1.85,Moderate
2007,Brazil,South America,Soybeans,21.1,1689.8,18,6.57,107.2,41.7,4.37,58.5,4.52,0.0,Moderate
2020,India,South Asia,Rice,27.4,1044.5,31,5.37,101.4,62.4,3.66,40.4,4.36,17.54,Severe
2007,United States,North America,Wheat,12.6,648.4,9,,162.0,45.0,4.74,45.6,4.27,2.99,Low
2002,China,East Asia,Barley,18.0,800.6,10,6.79,149.8,61.2,3.9,48.7,4.66,0.0,Low
2002,United States,North America,Coffee,15.0,925.0,13,5.74,221.8,84.5,4.23,36.8,2.3,0.0,Moderate
2006,Argentina,South America,Soybeans,24.4,1662.7,21,6.23,109.7,43.0,4.2,33.3,3.71,0.0,High
2002,France,Europe,Coffee,15.2,1027.4,7,7.58,192.0,88.4,3.06,45.2,2.49,0.0,Low
2019,Canada,North America,Rice,14.3,669.4,21,6.62,228.9,87.7,2.55,69.3,4.93,7.91,High
2024,Indonesia,Southeast Asia,Barley,24.8,1046.7,24,6.12,96.9,52.9,2.42,82.0,3.94,2.65,High
2015,China,East Asia,Barley,17.4,778.7,21,6.15,103.3,32.1,2.01,76.1,4.29,0.0,High
2018,Canada,North America,Barley,14.1,846.2,20,6.37,232.1,46.2,2.83,53.8,4.41,0.0,High
2017,Canada,North America,Wheat,14.5,852.1,13,5.41,196.9,81.5,1.33,70.6,5.03,0.0,Moderate
2010,Argentina,South America,Coffee,19.9,877.5,17,,148.7,33.1,3.75,44.8,2.05,2.67,Moderate
2008,Germany,Europe,Wheat,11.8,867.9,16,6.57,219.4,53.9,4.33,52.8,4.46,1.16,Moderate
2004,Australia,Oceania,Coffee,16.8,837.2,14,6.53,114.7,77.4,5.27,66.9,1.63,10.64,Moderate
2018,China,East Asia,Soybeans,24.8,539.6,22,7.55,122.7,30.3,1.84,55.7,4.06,0.0,High
2025,France,Europe,Coffee,12.5,822.5,17,6.74,283.8,83.6,4.87,70.2,1.92,6.45,Moderate
2000,Canada,North America,Barley,16.5,842.8,12,6.54,168.6,81.0,4.87,41.6,5.17,0.0,Moderate
2009,Nigeria,Sub-Saharan Africa,Maize,25.4,1340.9,21,6.51,92.6,55.8,4.3,46.8,7.52,0.0,High
2002,Brazil,South America,Rice,23.8,1208.6,19,6.44,149.9,45.5,3.93,53.3,6.07,0.0,High
2001,Indonesia,Southeast Asia,Coffee,26.1,1511.2,19,6.3,121.4,55.7,1.98,52.6,2.82,0.0,High
2020,Australia,Oceania,Soybeans,19.7,610.0,22,5.95,133.4,63.0,2.3,71.3,3.36,2.29,High
2004,Canada,North America,Maize,17.4,1112.4,6,5.84,171.5,83.0,4.51,50.9,7.36,0.42,Low
2009,Kenya,Sub-Saharan Africa,Wheat,23.3,1170.7,14,5.84,96.4,57.9,1.87,39.7,5.21,0.0,Moderate
2023,Kenya,Sub-Saharan Africa,Rice,23.3,1154.0,19,6.62,104.0,23.2,6.77,92.5,5.97,0.0,High
2005,Australia,Oceania,Soybeans,15.9,561.7,9,6.05,195.0,32.5,4.67,53.7,3.99,0.0,Low
2004,India,South Asia,Coffee,24.5,1044.2,20,6.5,99.8,15.2,4.34,54.5,2.83,0.0,High
2010,Argentina,South America,Coffee,25.3,869.2,24,7.34,144.2,57.9,2.16,56.7,3.22,0.0,High
2016,Germany,Europe,Soybeans,18.9,857.6,23,6.67,147.7,50.8,2.77,68.0,4.21,0.0,High
2018,Argentina,South America,Soybeans,20.9,1491.6,19,,113.2,71.2,1.95,55.6,3.86,0.0,High
2006,Indonesia,Southeast Asia,Soybeans,28.6,414.3,19,5.21,81.1,34.0,4.51,54.6,3.16,6.79,High
2013,Germany,Europe,Maize,17.6,647.2,14,7.38,148.2,71.9,1.64,67.8,7.86,0.0,Moderate
2009,United States,North America,Soybeans,14.1,990.5,14,7.2,140.4,70.3,4.24,61.6,3.54,0.0,Moderate
2021,Canada,North America,Wheat,10.8,575.7,19,6.28,198.7,55.2,2.59,78.1,4.74,0.0,High
2015,China,East Asia,Barley,27.3,559.6,33,5.27,117.5,52.2,5.03,45.3,3.59,10.17,Severe
2016,India,South Asia,Coffee,29.4,1613.8,22,5.47,119.6,64.3,3.54,49.0,2.81,0.0,High
2003,Nigeria,Sub-Saharan Africa,Barley,27.5,1349.1,10,6.25,95.6,53.7,2.5,53.0,4.03,0.6,High
2004,Brazil,South America,Soybeans,26.9,1297.5,31,6.25,171.3,56.3,2.66,49.9,3.61,0.0,Severe
2015,Canada,North America,Soybeans,10.7,750.9,12,6.78,246.9,56.6,3.43,68.8,3.06,5.98,Moderate
2025,France,Europe,Coffee,13.4,883.0,22,7.15,264.5,76.3,1.56,80.2,1.44,22.86,High
2022,France,Europe,Barley,14.7,776.2,19,6.83,255.3,74.2,3.06,66.1,4.92,0.0,High
2024,Brazil,South America,Maize,23.7,1236.8,15,6.57,91.1,47.5,4.07,79.4,7.54,0.0,Moderate
2000,Kenya,Sub-Saharan Africa,Soybeans,28.1,1644.7,28,6.86,104.4,26.9,6.17,44.1,3.76,0.0,High
2006,Kenya,Sub-Saharan Africa,Wheat,25.6,1486.0,23,6.48,59.0,,2.88,54.8,4.75,0.0,High
2001,Brazil,South America,Barley,20.3,1661.7,6,5.16,137.0,68.3,4.48,56.6,4.79,0.0,Low
2000,United States,North America,Rice,8.6,1243.9,3,7.19,126.7,40.4,1.41,33.8,2.32,15.63,Low
2016,Argentina,South America,Barley,26.0,1286.5,22,6.67,156.8,67.2,4.21,77.0,4.15,0.0,High
2012,France,Europe,Soybeans,9.4,738.5,9,6.43,205.1,47.6,1.93,60.5,2.69,7.86,Low
2003,United States,North America,Maize,14.1,898.1,10,6.77,234.0,46.3,0.84,49.8,6.99,2.52,Low
2003,Australia,Oceania,Barley,20.5,284.3,20,6.84,112.1,75.2,2.12,11.5,4.48,0.0,Severe
2003,China,East Asia,Rice,21.7,689.5,14,5.35,111.4,34.3,2.72,48.0,5.55,0.0,Moderate
2001,France,Europe,Coffee,14.6,709.3,8,6.52,150.3,61.5,4.06,43.0,1.81,7.05,Low
2009,Brazil,South America,Soybeans,24.6,1296.7,14,5.51,85.0,45.0,2.63,53.2,4.11,0.0,Moderate
2017,Brazil,South America,Barley,22.9,1275.3,27,6.73,127.0,54.5,2.23,75.5,4.58,0.0,High
2025,Canada,North America,Barley,10.9,870.9,17,5.83,120.8,70.6,2.09,88.7,3.58,6.94,Moderate
2015,Canada,North America,Wheat,11.9,1120.7,15,6.42,241.9,49.4,3.88,64.7,4.79,0.0,Moderate
2020,Australia,Oceania,Wheat,25.8,706.2,15,6.29,155.3,40.7,5.02,67.6,4.58,0.0,High
2002,Kenya,Sub-Saharan Africa,Coffee,24.8,1015.1,20,,91.3,21.7,1.57,55.3,2.93,0.0,High
2011,China,East Asia,Barley,18.9,693.0,11,5.7,93.2,,2.59,46.0,4.48,0.0,Moderate
2023,Germany,Europe,Coffee,16.9,784.2,23,7.1,196.1,76.0,1.93,68.3,2.27,0.0,High
2018,Germany,Europe,Barley,14.5,1180.9,23,6.81,209.5,44.3,4.1,76.5,4.48,0.0,High
2008,France,Europe,Barley,13.0,1181.0,15,7.6,159.8,74.7,3.66,64.8,4.77,0.0,Moderate
2005,India,South Asia,Rice,30.1,950.3,27,6.97,56.3,23.6,4.16,43.7,4.67,11.46,Severe
2015,Indonesia,Southeast Asia,Rice,24.9,1779.4,22,,106.8,,3.22,46.7,5.63,0.0,High
2013,Australia,Oceania,Rice,20.8,864.4,13,6.57,138.0,54.2,1.99,63.7,5.84,0.0,Moderate
2011,Nigeria,Sub-Saharan Africa,Barley,22.2,726.9,24,5.96,76.5,17.0,4.79,73.5,3.73,6.42,High
2005,China,East Asia,Wheat,16.5,635.3,13,7.25,165.4,38.5,5.13,43.3,4.89,0.0,Moderate
2000,Indonesia,Southeast Asia,Wheat,26.6,1443.5,16,4.8,99.8,19.8,3.44,37.7,3.84,7.11,High
2024,China,East Asia,Barley,20.4,767.2,21,6.35,132.6,79.1,1.29,82.1,5.1,0.0,High
2015,France,Europe,Coffee,20.1,689.6,19,6.03,177.3,67.7,2.81,52.4,2.85,0.0,High
2020,Nigeria,Sub-Saharan Africa,Rice,32.1,1075.9,29,6.35,121.1,31.5,2.62,61.0,5.61,0.0,Severe
2021,France,Europe,Wheat,13.8,508.1,14,8.03,205.1,61.1,2.8,61.1,4.52,0.45,Moderate
2001,Kenya,Sub-Saharan Africa,Soybeans,27.3,1400.8,13,6.56,103.9,63.5,3.51,46.8,3.76,0.0,High
2020,Brazil,South America,Coffee,23.0,842.3,23,5.92,109.6,58.8,1.73,48.7,2.76,0.0,High
2022,Nigeria,Sub-Saharan Africa,Rice,26.4,1328.0,30,5.62,107.7,57.5,1.7,75.4,5.11,6.75,Severe
2006,Argentina,South America,Maize,24.4,1222.9,20,7.98,157.1,32.8,3.9,62.8,6.55,6.9,High
2024,India,South Asia,Soybeans,27.6,1787.4,36,6.97,44.7,26.9,3.43,68.3,2.3,36.73,Severe
2021,Nigeria,Sub-Saharan Africa,Maize,26.4,945.4,35,6.5,62.3,46.6,3.15,89.3,6.36,16.32,Severe
2006,Argentina,South America,Barley,22.1,1633.6,15,5.75,141.4,52.2,4.81,56.6,4.88,0.0,Moderate
2013,Canada,North America,Wheat,16.3,820.4,9,,198.6,78.0,3.33,55.6,5.23,0.0,Low
2009,Kenya,Sub-Saharan Africa,Soybeans,27.5,871.8,16,7.1,114.0,35.5,2.92,69.9,4.22,0.0,High
2014,Australia,Oceania,Wheat,20.0,597.9,28,6.06,123.6,48.3,3.19,52.6,4.96,0.0,High
2017,United States,North America,Rice,17.6,898.6,16,7.05,145.4,47.8,1.19,57.1,5.36,1.83,Moderate
2018,Brazil,South America,Maize,24.5,1292.2,24,6.51,132.7,38.7,2.21,71.8,7.08,3.5,High
2018,Australia,Oceania,Rice,26.3,282.9,34,6.28,166.3,74.3,4.12,59.2,5.97,0.0,Severe
2015,China,East Asia,Rice,22.9,684.5,22,6.35,104.5,78.9,4.59,62.2,5.42,1.26,High
2010,Nigeria,Sub-Saharan Africa,Maize,30.8,1740.8,26,7.09,89.4,21.4,3.86,45.3,6.24,11.97,Severe
2003,India,South Asia,Soybeans,25.7,707.7,17,5.81,70.0,57.9,3.6,40.0,3.59,0.0,High
2001,Germany,Europe,Soybeans,15.8,790.2,9,6.94,153.4,61.3,3.8,36.9,3.73,0.0,Low
2022,China,East Asia,Wheat,17.1,435.5,17,5.82,152.7,50.7,1.78,57.5,4.54,0.27,Moderate
2021,Brazil,South America,Coffee,23.2,1334.7,23,6.15,151.7,64.3,3.56,85.6,3.3,0.0,High
2012,Kenya,Sub-Saharan Africa,Wheat,26.3,1619.0,20,6.8,95.5,30.0,2.86,69.3,4.65,0.0,High
2025,United States,North America,Soybeans,12.9,769.4,20,7.64,152.1,85.6,1.32,67.7,2.57,17.75,High
2021,Australia,Oceania,Rice,27.2,867.1,33,6.32,148.9,54.7,1.9,71.1,6.43,0.0,Severe
2014,Nigeria,Sub-Saharan Africa,Coffee,23.5,1154.2,32,5.65,72.9,15.8,2.69,63.2,1.64,25.39,Severe
2007,United States,North America,Barley,14.7,628.0,15,6.79,139.8,71.3,4.33,60.4,5.23,0.0,Moderate
2006,Kenya,Sub-Saharan Africa,Maize,26.2,974.4,15,7.16,147.9,49.8,3.0,47.9,7.02,2.38,High
2009,Germany,Europe,Barley,17.1,1032.8,8,7.08,178.9,66.0,3.48,51.6,4.96,0.0,Low
2020,France,Europe,Maize,18.6,656.3,19,5.69,215.4,75.6,0.86,82.5,7.04,3.54,High
2000,China,East Asia,Barley,19.4,1007.2,12,6.64,181.9,31.8,3.03,56.2,5.06,0.0,Moderate
2008,Germany,Europe,Maize,10.4,870.4,6,7.53,188.7,81.3,5.71,80.7,6.03,6.22,Low
2014,France,Europe,Wheat,16.4,1042.0,21,,247.0,49.6,1.86,57.3,5.87,0.0,High
2007,Australia,Oceania,Barley,21.4,866.1,13,7.62,102.0,70.9,3.49,53.6,4.19,0.0,Moderate
2025,Brazil,South America,Rice,26.4,1527.0,23,6.39,150.7,56.2,3.94,63.8,6.71,0.0,High
2018,Nigeria,Sub-Saharan Africa,Barley,26.6,1381.5,28,6.77,115.0,26.1,3.24,80.2,4.28,0.0,High
2010,China,East Asia,Wheat,14.8,700.8,12,5.3,102.3,47.7,2.74,48.7,4.77,0.0,Moderate
2023,Brazil,South America,Barley,22.7,2114.6,30,6.26,184.5,38.9,2.53,77.7,4.79,0.0,Severe
2023,Canada,North America,Soybeans,17.2,667.5,18,7.19,161.5,75.4,3.34,73.9,3.77,0.0,Moderate
2006,Kenya,Sub-Saharan Africa,Rice,27.1,1274.1,15,6.54,34.5,31.5,3.53,57.7,5.24,2.86,High
2015,France,Europe,Soybeans,9.9,1014.8,14,6.11,170.3,52.2,2.79,47.1,2.64,13.25,Moderate
2010,Canada,North America,Barley,12.6,1090.6,12,6.61,165.8,68.2,3.39,48.2,4.3,0.0,Moderate
2003,Nigeria,Sub-Saharan Africa,Maize,24.4,658.4,17,5.86,83.0,64.2,1.89,38.3,7.14,2.27,Moderate
2025,Germany,Europe,Barley,19.6,446.0,29,,162.6,69.1,2.02,62.5,5.1,0.0,Severe
2010,Nigeria,Sub-Saharan Africa,Soybeans,23.2,1434.2,18,5.9,84.5,16.8,3.02,73.9,4.05,0.0,Moderate
2009,United States,North America,Coffee,10.9,879.6,10,7.22,129.1,58.1,3.52,74.1,1.11,24.47,Low
2024,Canada,North America,Soybeans,11.0,903.0,16,7.23,151.9,56.7,1.06,85.1,2.0,23.83,Moderate
2010,Brazil,South America,Rice,22.2,1588.0,23,6.32,155.7,38.1,3.52,55.0,5.93,0.0,High
2009,India,South Asia,Coffee,28.0,1584.1,23,6.16,28.2,21.4,3.0,45.0,2.14,0.6,High
2012,Argentina,South America,Rice,24.2,1788.0,27,5.83,119.7,55.3,3.14,73.2,5.46,0.85,High
2011,Indonesia,Southeast Asia,Coffee,29.2,1285.9,18,6.88,101.6,18.4,3.92,69.3,2.7,0.0,High
2000,France,Europe,Soybeans,13.4,701.7,4,7.31,216.8,61.3,1.6,65.7,3.83,0.0,Low
2010,Australia,Oceania,Maize,19.5,652.1,23,6.76,135.0,72.0,2.2,48.8,7.31,1.18,High
2001,Canada,North America,Soybeans,12.8,678.5,4,7.03,237.6,62.9,4.6,50.0,3.97,0.0,Low
2011,Nigeria,Sub-Saharan Africa,Rice,29.8,488.5,18,7.5,129.7,53.6,2.24,75.4,5.53,0.0,Severe
2011,Nigeria,Sub-Saharan Africa,Barley,23.9,708.0,30,6.8,74.9,30.7,3.94,71.3,4.44,0.0,Severe
2008,Brazil,South America,Rice,23.3,1322.2,24,5.78,87.5,69.3,1.56,68.1,5.58,0.0,High
2004,Germany,Europe,Wheat,19.5,784.2,18,6.21,122.8,85.9,3.93,52.3,4.95,0.0,Moderate
2021,India,South Asia,Maize,28.8,1361.8,32,7.05,121.2,33.2,3.2,65.8,6.32,16.0,Severe
2009,Nigeria,Sub-Saharan Africa,Rice,30.9,1500.1,27,6.78,116.9,34.5,3.59,54.8,5.65,0.0,Severe
2021,Australia,Oceania,Rice,19.6,609.1,24,6.4,123.1,71.9,2.8,55.4,5.3,3.21,High
2013,China,East Asia,Barley,22.4,489.3,21,5.69,133.6,67.7,2.05,66.2,4.92,0.0,High
2009,United States,North America,Wheat,19.0,688.7,25,7.73,148.0,68.6,2.81,69.3,4.89,0.0,High
2003,Canada,North America,Soybeans,14.8,820.0,17,6.02,121.9,82.3,2.66,52.2,3.98,0.0,Moderate
2018,Argentina,South America,Coffee,22.9,1072.8,27,5.72,215.2,51.5,3.39,68.9,2.96,0.0,High
2008,Argentina,South America,Coffee,19.6,1460.1,16,7.28,173.3,41.1,4.18,55.7,2.55,0.0,Moderate
2003,United States,North America,Soybeans,10.4,492.0,6,7.48,230.6,44.3,2.98,51.5,2.38,7.05,Low
2016,India,South Asia,Wheat,23.0,1450.4,23,6.24,61.7,60.3,3.21,59.4,4.61,0.0,High
2004,Nigeria,Sub-Saharan Africa,Soybeans,27.2,659.7,21,7.37,119.2,51.0,2.07,53.5,3.05,7.4,High
2017,Argentina,South America,Wheat,26.4,1371.5,28,6.29,106.5,47.5,2.86,42.8,5.22,0.0,High
2008,Canada,North America,Barley,14.5,870.0,16,7.23,162.9,57.1,1.98,59.2,3.75,4.83,Moderate
2024,Indonesia,Southeast Asia,Barley,30.5,1722.3,46,6.16,105.5,60.2,5.08,63.9,3.1,30.31,Severe
2011,Indonesia,Southeast Asia,Rice,26.7,1055.5,24,7.78,,36.4,3.36,56.0,4.93,7.56,High
2004,Germany,Europe,Soybeans,16.8,625.9,16,5.61,164.8,61.2,3.62,48.5,3.37,1.38,Moderate
2006,Indonesia,Southeast Asia,Soybeans,25.6,916.6,19,6.37,74.9,55.7,2.86,54.1,3.59,0.0,High
2013,France,Europe,Rice,15.9,1082.9,17,6.13,193.5,61.7,3.7,81.2,4.7,8.0,Moderate
2001,Australia,Oceania,Soybeans,22.8,476.7,21,6.75,60.6,45.1,3.38,61.9,3.75,0.0,High
2016,Australia,Oceania,Soybeans,20.9,768.9,19,7.44,133.0,79.7,3.44,64.3,4.54,0.0,High
2025,Argentina,South America,Soybeans,23.9,1506.8,25,6.69,220.1,73.5,3.35,74.1,4.74,0.0,High
2013,United States,North America,Coffee,17.8,661.1,14,7.9,183.2,64.1,2.11,50.0,2.39,0.0,Moderate
2021,China,East Asia,Coffee,19.0,820.6,22,7.5,172.7,42.0,4.47,59.4,2.2,0.0,High
2004,Indonesia,Southeast Asia,Maize,25.8,1550.4,25,6.86,,50.5,4.36,30.2,7.02,4.75,High
2005,United States,North America,Soybeans,14.9,464.9,20,6.62,172.7,79.0,3.62,63.4,3.62,0.0,High
2025,India,South Asia,Barley,25.8,1608.4,36,6.31,150.8,48.1,3.15,77.0,3.77,8.57,Severe
2021,Nigeria,Sub-Saharan Africa,Wheat,26.3,1303.2,23,6.62,72.0,46.0,4.35,61.1,4.92,0.0,High
2024,United States,North America,Maize,17.9,986.2,24,5.71,205.6,71.5,2.86,77.5,7.12,3.32,High
2013,Kenya,Sub-Saharan Africa,Barley,27.3,1505.8,27,7.84,93.4,15.5,2.81,81.4,2.49,27.84,High
2008,India,South Asia,Maize,27.1,767.6,26,5.82,88.8,60.6,1.82,75.9,6.91,6.22,High
2009,Brazil,South America,Soybeans,20.2,1190.1,28,6.26,86.4,38.7,1.93,40.8,3.25,5.57,High
2011,Australia,Oceania,Rice,19.7,685.1,17,6.25,118.5,74.7,3.08,58.8,4.85,7.47,Moderate
2020,Nigeria,Sub-Saharan Africa,Soybeans,27.2,1655.8,29,6.26,87.4,48.6,1.61,84.5,3.02,11.13,Severe
2003,Canada,North America,Coffee,14.9,782.5,7,6.88,184.3,69.3,3.47,45.6,2.12,0.55,Low
2002,Australia,Oceania,Soybeans,18.9,484.5,18,6.88,157.1,78.7,4.81,49.7,3.85,0.0,Moderate
2012,Australia,Oceania,Rice,24.1,709.1,24,6.49,129.3,59.2,4.94,38.3,6.25,0.0,High
2014,Australia,Oceania,Wheat,22.7,564.3,20,6.77,152.0,67.5,4.16,65.4,4.91,0.0,High
2025,Brazil,South America,Soybeans,23.7,1796.3,32,6.18,116.5,51.7,1.97,66.6,3.48,0.0,Severe
2010,Argentina,South America,Coffee,23.1,1432.6,16,6.35,102.6,37.4,2.4,64.4,2.97,0.0,Moderate
2006,India,South Asia,Wheat,27.8,991.0,24,6.09,104.0,44.1,2.92,43.8,4.08,8.97,High
2010,Germany,Europe,Maize,11.9,715.0,13,7.15,144.8,75.6,3.57,54.0,6.08,10.99,Moderate
2008,United States,North America,Barley,15.4,745.1,12,5.45,144.6,,4.7,54.8,4.58,0.0,Moderate
2003,Australia,Oceania,Soybeans,22.0,697.0,12,7.34,169.0,73.7,3.88,39.9,4.83,0.0,Moderate
2019,India,South Asia,Barley,29.9,1384.5,24,6.77,98.1,34.7,1.87,69.9,2.9,19.69,Severe
2013,Brazil,South America,Barley,21.3,2049.5,20,7.14,186.1,40.1,3.7,65.7,4.88,0.0,High
2025,Indonesia,Southeast Asia,Barley,22.7,1429.6,24,5.42,85.4,32.2,3.98,88.3,4.02,1.23,High
2024,Australia,Oceania,Coffee,14.5,749.9,13,5.72,122.9,53.1,4.09,86.6,1.54,15.54,Moderate
2012,Canada,North America,Maize,11.4,839.7,9,6.53,214.7,61.4,3.5,60.8,6.81,4.14,Low
2023,India,South Asia,Maize,27.6,1668.8,23,6.03,103.0,53.0,4.76,64.8,7.24,1.77,High
2002,United States,North America,Barley,12.1,770.3,12,6.33,193.7,87.6,4.2,49.5,4.37,0.0,Moderate
2012,France,Europe,Coffee,10.1,576.3,9,6.73,186.7,52.8,2.47,50.2,0.58,36.34,Low
2001,Nigeria,Sub-Saharan Africa,Barley,29.5,1197.2,16,6.32,102.9,27.4,4.56,36.9,3.1,16.32,Severe
2025,Indonesia,Southeast Asia,Coffee,24.0,716.8,38,6.84,89.2,19.4,3.54,78.9,1.77,20.89,Severe
2012,Canada,North America,Soybeans,12.8,552.8,10,6.32,177.9,84.5,3.75,69.7,3.49,0.0,Low
2001,Argentina,South America,Wheat,21.0,1051.9,12,6.28,190.1,28.0,3.61,29.2,5.48,0.0,Moderate
2020,Indonesia,Southeast Asia,Barley,26.8,1148.0,34,6.06,99.5,43.8,2.71,84.2,3.46,16.65,Severe
2020,Indonesia,Southeast Asia,Barley,26.4,1225.2,22,6.52,39.2,44.3,3.39,72.7,3.87,4.0,High
2015,France,Europe,Maize,14.6,1113.9,16,7.0,100.5,73.8,1.31,57.4,6.57,7.57,Moderate
2019,United States,North America,Rice,11.9,652.8,12,7.2,201.2,44.7,1.55,60.8,3.91,13.12,Moderate
2006,United States,North America,Maize,18.6,760.6,10,6.42,222.8,79.0,2.3,55.0,8.1,0.0,Low
2023,Brazil,South America,Coffee,25.7,1298.1,34,6.48,146.4,27.5,4.58,91.7,2.47,0.0,Severe
2024,Germany,Europe,Barley,11.6,716.1,12,6.07,181.4,40.6,1.83,86.0,4.57,0.0,Moderate
2023,China,East Asia,Barley,22.6,984.2,20,6.76,,78.4,1.94,79.9,5.08,0.0,High
2005,Kenya,Sub-Saharan Africa,Barley,24.0,1081.4,17,7.76,63.6,45.8,1.19,65.5,3.99,1.12,Moderate
2022,Brazil,South America,Wheat,25.4,1265.2,25,5.86,106.1,33.0,3.92,91.0,4.66,0.0,High
2000,Argentina,South America,Wheat,22.9,1150.2,18,6.31,,63.8,1.89,36.5,5.32,0.0,Moderate
2005,United States,North America,Wheat,14.6,750.1,9,7.01,221.4,61.3,2.35,41.1,5.21,0.0,Low
2003,Argentina,South America,Wheat,23.9,1473.9,20,6.44,178.8,40.4,2.48,56.2,5.2,0.0,High
2002,France,Europe,Soybeans,8.1,785.2,3,6.6,250.4,74.0,3.24,59.2,1.95,5.91,Low
2006,Argentina,South America,Barley,20.9,1607.0,13,5.2,177.8,30.2,2.89,46.5,4.69,0.0,Moderate
2017,France,Europe,Coffee,12.4,751.3,15,6.03,159.0,86.2,2.02,65.9,1.89,6.61,Moderate
2011,United States,North America,Soybeans,13.5,336.8,12,6.48,169.0,57.8,3.18,57.5,4.25,0.0,Severe
2021,Brazil,South America,Rice,26.5,1346.3,22,6.13,145.0,63.3,0.64,81.3,6.65,0.0,High
2004,Brazil,South America,Maize,20.7,667.4,13,6.2,125.9,69.3,4.58,73.4,7.72,0.0,Moderate
2024,Argentina,South America,Rice,22.3,1681.1,22,6.32,155.2,64.3,1.07,83.0,6.15,0.0,High
2018,Canada,North America,Coffee,12.3,885.9,11,6.57,231.6,73.2,3.93,78.0,1.85,4.88,Moderate
2020,Argentina,South America,Soybeans,25.1,1218.2,20,5.57,141.4,26.5,4.17,56.9,3.86,0.0,High
2008,Indonesia,Southeast Asia,Rice,26.9,1477.8,21,6.51,69.4,64.5,5.0,64.5,5.52,0.0,High
2016,India,South Asia,Soybeans,27.0,1238.0,19,6.62,65.6,43.4,3.94,79.9,4.14,0.0,High
2020,India,South Asia,Maize,28.3,1515.1,35,6.65,58.4,51.7,4.33,84.8,6.18,16.52,Severe
2020,United States,North America,Wheat,11.9,545.5,16,6.19,197.5,62.0,3.06,71.1,5.12,0.0,Moderate
2012,Nigeria,Sub-Saharan Africa,Barley,25.0,1174.3,29,6.46,91.4,51.0,4.28,47.5,4.53,0.0,Severe
2018,France,Europe,Barley,16.5,1333.7,15,5.8,176.0,59.6,2.5,58.4,4.73,0.0,Moderate
2007,China,East Asia,Coffee,22.8,1071.6,19,6.63,153.8,72.8,3.48,60.4,3.29,0.0,High
2018,Nigeria,Sub-Saharan Africa,Barley,25.3,1299.7,18,6.1,115.9,46.5,3.59,69.6,4.07,0.14,High
2007,Australia,Oceania,Maize,19.3,578.7,21,7.39,181.7,51.0,5.13,46.6,6.86,5.13,High
2002,Argentina,South America,Soybeans,26.2,1289.1,17,5.72,,55.3,0.5,47.5,3.07,8.23,High
2010,India,South Asia,Soybeans,26.6,1183.3,22,7.14,127.7,36.7,3.67,75.0,3.57,0.0,High
2019,Brazil,South America,Coffee,27.1,1437.6,21,6.61,,59.1,5.22,87.0,3.42,0.0,High
2020,Nigeria,Sub-Saharan Africa,Rice,25.6,1354.4,35,5.56,90.4,23.1,2.45,58.0,4.81,13.33,Severe
2016,China,East Asia,Soybeans,23.4,450.4,26,6.45,120.3,38.4,4.1,71.9,4.03,0.0,High
2016,Nigeria,Sub-Saharan Africa,Rice,26.5,1245.6,18,6.57,106.5,33.9,2.68,52.9,5.76,0.0,High
2015,Nigeria,Sub-Saharan Africa,Rice,28.0,634.0,28,7.45,81.8,58.1,5.04,59.7,5.29,3.76,High
2024,Nigeria,Sub-Saharan Africa,Coffee,27.4,2060.8,24,6.52,99.5,50.6,1.97,73.6,3.18,0.0,High
2000,China,East Asia,Wheat,24.4,805.2,20,4.99,152.0,34.1,3.22,23.1,3.95,8.26,High
2001,Brazil,South America,Rice,24.0,1078.6,11,6.55,73.5,71.0,3.13,48.5,6.26,0.0,Moderate
2023,Argentina,South America,Soybeans,20.8,1608.0,21,5.47,148.8,45.5,3.51,68.9,3.9,0.0,High
2020,Canada,North America,Wheat,10.0,871.0,9,5.65,161.2,86.8,3.08,45.6,4.41,1.16,Low
2000,India,South Asia,Wheat,29.6,461.5,18,6.31,87.9,52.1,4.19,47.7,4.02,6.44,Severe
2010,Kenya,Sub-Saharan Africa,Barley,24.7,934.2,22,5.96,88.4,47.9,2.63,59.3,3.56,9.21,High
2004,India,South Asia,Soybeans,24.8,1344.3,27,7.03,79.6,59.0,4.23,32.5,4.23,0.0,High
2019,Indonesia,Southeast Asia,Coffee,24.7,1224.1,33,,67.2,35.8,4.11,71.2,2.5,0.0,Severe
2008,United States,North America,Rice,12.5,1098.2,8,6.57,192.8,83.1,2.68,60.1,5.1,3.08,Low
2023,United States,North America,Soybeans,16.1,804.7,25,7.33,145.0,84.2,3.31,52.5,3.5,0.0,High
2002,China,East Asia,Barley,26.0,638.3,25,6.32,171.0,67.7,4.29,37.0,4.88,0.0,High
2016,Kenya,Sub-Saharan Africa,Rice,26.0,1463.6,23,6.45,138.8,54.6,3.25,65.9,6.76,0.0,High
2006,India,South Asia,Wheat,24.1,1665.3,15,6.18,88.2,30.3,2.97,44.0,4.88,0.0,Moderate
2022,Australia,Oceania,Soybeans,19.5,738.1,21,7.05,121.1,,1.82,81.2,3.28,4.28,High
2009,France,Europe,Barley,12.4,751.7,13,,192.0,61.9,1.26,83.8,4.11,0.0,Moderate
2021,Nigeria,Sub-Saharan Africa,Barley,26.9,1318.8,26,6.25,81.1,29.4,4.04,77.3,3.58,8.86,High
2000,United States,North America,Maize,15.8,907.8,4,7.2,165.7,50.4,3.17,37.1,6.96,2.26,Low
2004,Australia,Oceania,Maize,16.5,471.3,11,6.56,106.1,62.5,3.85,51.0,7.5,0.0,Moderate
2001,Australia,Oceania,Maize,26.8,688.7,20,7.15,129.2,58.7,4.5,33.3,6.73,5.86,High
2016,Indonesia,Southeast Asia,Wheat,27.8,1532.7,34,5.99,113.2,37.7,3.8,53.4,3.6,20.25,Severe
2022,Brazil,South America,Coffee,20.6,924.7,25,6.62,161.9,71.9,3.27,64.9,3.38,0.0,High
2020,Kenya,Sub-Saharan Africa,Rice,24.2,1570.7,25,6.76,59.8,17.3,3.55,84.5,5.2,3.96,High
2024,Kenya,Sub-Saharan Africa,Rice,25.7,1619.8,33,6.88,,28.4,2.94,84.0,4.94,11.18,Severe
2008,India,South Asia,Soybeans,24.8,574.1,18,6.3,107.3,20.5,4.44,62.5,3.75,0.0,Moderate
2016,Germany,Europe,Rice,11.4,834.7,10,7.2,230.4,84.0,2.52,52.6,3.87,10.71,Low
2018,Nigeria,Sub-Saharan Africa,Wheat,26.0,1055.6,27,5.95,98.6,24.5,4.26,37.2,4.08,8.86,High
2002,Argentina,South America,Wheat,23.6,1302.1,15,6.67,155.0,47.8,3.54,28.1,4.86,0.0,Moderate
2005,Kenya,Sub-Saharan Africa,Wheat,26.9,1576.8,20,5.43,87.5,42.3,4.22,43.0,4.61,0.0,High
2002,India,South Asia,Barley,28.7,1638.6,24,8.02,69.1,38.7,3.74,51.4,3.41,13.03,High
2010,Germany,Europe,Maize,14.4,849.8,16,5.59,181.6,64.5,4.68,79.2,6.9,4.92,Moderate
2024,United States,North America,Barley,18.7,922.9,21,6.89,114.6,78.4,5.19,51.6,4.62,0.0,High
2023,Argentina,South America,Maize,28.4,1421.9,28,6.6,126.5,41.4,2.55,77.3,6.76,7.64,High
2012,Nigeria,Sub-Saharan Africa,Maize,26.1,1725.1,32,6.93,173.5,33.1,4.92,55.3,7.32,1.46,Severe
2001,Brazil,South America,Maize,22.3,1095.6,16,6.02,114.6,35.0,4.6,49.7,7.22,1.96,Moderate
2001,India,South Asia,Maize,27.6,1512.4,22,6.56,117.3,39.8,2.58,32.0,7.71,0.0,High
2020,France,Europe,Maize,15.6,969.3,23,6.13,252.0,57.3,3.86,69.7,7.12,3.19,High
2022,India,South Asia,Coffee,28.1,1163.2,32,6.3,81.6,30.9,2.1,93.0,2.95,0.0,Severe
2022,Canada,North America,Soybeans,12.5,700.0,24,,215.6,51.1,3.05,68.7,3.06,8.73,High
2021,Nigeria,Sub-Saharan Africa,Barley,26.7,964.4,33,7.56,120.6,44.4,3.45,92.4,3.79,6.9,Severe
2022,Nigeria,Sub-Saharan Africa,Barley,28.3,1487.8,29,7.45,122.0,19.9,2.87,76.9,2.58,34.51,Severe
2006,Argentina,South America,Barley,21.3,1716.1,24,6.7,169.0,74.1,3.41,25.3,5.59,0.0,High
2004,Kenya,Sub-Saharan Africa,Coffee,26.7,1047.5,28,5.87,123.5,53.8,3.47,48.0,1.94,8.25,High
2015,Germany,Europe,Soybeans,11.9,1081.5,18,6.88,146.6,50.1,2.13,69.8,2.48,18.31,Moderate
2010,Indonesia,Southeast Asia,Maize,26.3,1722.7,31,7.22,142.7,57.9,2.44,57.8,6.81,7.12,Severe
2012,Australia,Oceania,Barley,19.1,619.7,18,,158.6,59.9,2.64,51.3,5.33,0.0,Moderate
2016,United States,North America,Wheat,17.3,923.0,16,6.93,213.5,52.3,2.44,67.4,5.61,0.0,Moderate
2017,Brazil,South America,Wheat,21.6,1037.6,19,6.58,144.9,48.6,2.42,59.2,4.9,0.0,High
2009,United States,North America,Maize,10.2,989.1,8,7.77,147.5,47.3,5.42,41.5,5.95,8.5,Low
2000,Germany,Europe,Wheat,16.7,820.5,10,6.49,100.9,70.0,3.97,46.5,4.9,0.0,Low
2000,United States,North America,Rice,12.4,779.6,8,7.83,227.0,78.2,2.39,35.1,4.1,8.03,Low
2009,Brazil,South America,Coffee,21.3,1080.8,20,6.49,99.0,,1.79,49.7,2.89,0.0,High
2002,Brazil,South America,Rice,23.7,1291.3,17,5.97,80.4,31.0,1.7,64.3,5.65,0.0,Moderate
2017,India,South Asia,Maize,29.6,916.7,35,6.35,74.5,62.2,3.64,56.4,6.89,6.75,Severe
2005,Kenya,Sub-Saharan Africa,Rice,28.6,999.5,22,6.65,80.7,26.4,2.98,55.9,5.85,0.0,High
2025,Kenya,Sub-Saharan Africa,Soybeans,26.7,972.0,22,7.23,114.5,17.9,2.79,67.1,3.47,0.23,High
2000,India,South Asia,Rice,25.9,1092.4,26,4.88,98.5,46.1,3.57,54.6,5.21,4.52,High
2018,France,Europe,Rice,12.6,1035.4,14,6.98,153.0,48.0,2.43,82.0,4.23,9.75,Moderate
2003,India,South Asia,Maize,30.0,985.3,18,6.2,85.3,50.7,2.39,46.7,7.05,3.28,Severe
2022,Nigeria,Sub-Saharan Africa,Barley,29.1,1512.9,18,7.19,58.2,21.0,3.03,62.5,3.0,15.97,High
2011,Kenya,Sub-Saharan Africa,Maize,26.0,1098.4,24,6.84,45.4,40.9,3.36,44.4,6.93,4.96,High
2006,India,South Asia,Wheat,24.6,1319.8,18,5.76,117.5,61.4,4.37,62.4,4.3,3.06,Moderate
2001,Canada,North America,Rice,13.7,1102.5,6,6.27,178.9,76.6,1.9,56.0,4.52,5.31,Low
2012,Kenya,Sub-Saharan Africa,Maize,28.1,898.7,16,6.77,,21.1,2.82,75.4,7.49,0.0,High
2025,Kenya,Sub-Saharan Africa,Soybeans,26.6,333.0,27,5.68,75.8,52.1,4.24,87.4,3.18,7.05,Severe
2001,Argentina,South America,Maize,23.4,969.5,19,6.54,153.4,45.2,3.54,16.4,8.11,0.0,High
2011,Argentina,South America,Soybeans,23.2,1873.1,18,6.02,194.3,72.2,2.77,60.0,4.54,0.0,Moderate
2014,Australia,Oceania,Barley,16.7,782.2,14,6.29,136.8,51.8,5.19,65.8,4.77,0.0,Moderate
2002,United States,North America,Wheat,13.4,702.5,6,6.06,160.4,76.9,2.79,74.1,4.97,0.0,Low
2016,France,Europe,Rice,15.1,845.9,17,6.23,217.1,73.9,2.49,36.0,5.04,5.38,Moderate
2003,India,South Asia,Coffee,28.0,1119.5,19,5.71,101.9,24.5,3.72,35.7,3.15,0.0,High
2019,Indonesia,Southeast Asia,Barley,28.6,1814.4,27,6.87,86.7,36.7,4.42,68.6,3.46,14.04,High
2023,Brazil,South America,Barley,23.4,1587.0,33,6.44,113.0,73.4,3.09,60.7,4.78,0.0,Severe
2000,Kenya,Sub-Saharan Africa,Coffee,24.7,1406.4,12,7.0,132.4,62.7,3.43,48.2,3.33,0.0,Moderate
2009,Nigeria,Sub-Saharan Africa,Wheat,22.8,1292.2,13,7.03,99.4,31.6,3.08,63.0,4.79,0.0,Moderate
2025,Kenya,Sub-Saharan Africa,Maize,29.0,1295.8,27,7.12,133.2,49.9,1.43,72.3,7.33,1.36,High
2023,Indonesia,Southeast Asia,Wheat,32.8,1076.2,26,6.68,81.5,17.8,3.43,78.4,2.81,28.68,Severe
2006,Argentina,South America,Wheat,27.2,872.9,14,6.81,152.1,52.1,2.42,48.8,4.82,0.0,High
2024,Canada,North America,Soybeans,14.2,957.3,10,8.3,212.6,81.0,3.39,76.8,3.16,3.49,Low
2005,Indonesia,Southeast Asia,Barley,27.8,550.4,14,5.46,122.3,43.0,2.65,54.4,4.18,0.0,High
2010,Brazil,South America,Maize,21.7,1376.1,17,5.87,138.4,67.1,3.14,53.9,7.42,0.17,Moderate
2019,China,East Asia,Rice,24.3,296.8,21,7.04,127.7,68.5,2.17,64.6,4.82,7.56,Severe
2008,Canada,North America,Coffee,17.8,876.2,18,5.8,208.2,65.9,2.14,59.3,2.82,0.0,Moderate
2002,Canada,North America,Maize,12.8,1099.3,6,6.49,140.0,75.0,3.43,61.3,6.48,4.88,Low
2006,Canada,North America,Coffee,13.0,1056.5,7,6.72,229.0,56.3,3.82,60.1,1.58,7.61,Low
2002,France,Europe,Maize,14.4,555.6,6,6.96,165.8,57.5,3.53,48.6,6.62,4.01,Low
2022,India,South Asia,Soybeans,26.6,631.0,26,7.13,96.7,47.0,2.63,68.6,4.06,0.0,High
2018,Indonesia,Southeast Asia,Coffee,26.5,1135.0,30,5.3,104.3,28.9,2.29,74.8,2.41,0.0,Severe
2003,Australia,Oceania,Coffee,15.1,300.2,10,6.16,156.9,79.9,3.86,45.5,1.8,6.21,Severe
2016,Canada,North America,Maize,18.5,1152.0,19,7.81,128.4,68.6,3.61,69.0,7.09,3.39,High
2005,Argentina,South America,Wheat,21.7,1171.4,22,6.99,153.3,74.8,3.71,51.9,5.24,0.0,High
2023,Germany,Europe,Soybeans,15.5,1082.7,17,5.99,207.0,50.7,2.49,55.6,3.35,2.46,Moderate
2021,Australia,Oceania,Maize,21.4,663.5,20,7.12,94.9,49.5,3.16,74.8,6.95,4.55,High
2014,France,Europe,Coffee,9.6,1256.5,16,6.96,137.1,44.4,3.19,84.5,0.4,42.29,Moderate
2013,China,East Asia,Soybeans,21.3,956.2,15,6.46,,44.8,2.9,79.2,4.72,0.0,Moderate
2014,France,Europe,Maize,11.3,682.6,15,5.24,191.3,63.1,0.89,59.3,5.68,13.72,Moderate
2001,Indonesia,Southeast Asia,Wheat,23.6,1822.4,25,6.61,110.4,17.4,3.59,50.5,4.68,0.0,High
2000,India,South Asia,Maize,28.1,1291.2,18,,94.3,48.5,3.55,72.8,6.74,5.74,High
2024,France,Europe,Barley,18.2,745.4,24,6.45,164.4,66.4,1.47,75.0,5.45,0.0,High
2019,Canada,North America,Soybeans,14.1,512.1,13,5.49,156.9,63.8,4.27,67.4,3.04,4.76,Moderate
2014,Canada,North America,Barley,7.7,844.5,9,6.83,293.7,71.3,4.0,79.1,3.38,5.4,Low
2019,China,East Asia,Barley,19.9,411.0,22,6.3,144.7,42.9,4.01,65.4,4.41,0.0,High
2019,Nigeria,Sub-Saharan Africa,Soybeans,32.8,560.0,35,6.21,103.7,33.8,5.54,64.3,2.2,41.17,Severe
2021,Indonesia,Southeast Asia,Barley,30.2,825.4,31,6.64,124.9,26.0,2.7,49.3,2.02,47.3,Severe
2005,Germany,Europe,Rice,11.4,694.7,8,7.11,167.2,74.3,2.55,26.3,4.36,6.34,Low
2014,Canada,North America,Rice,15.8,916.0,18,7.05,194.2,72.5,3.96,56.0,4.69,8.03,Moderate
2013,Canada,North America,Barley,13.6,693.4,9,6.35,188.4,66.7,3.25,51.4,5.33,0.0,Low
2022,Indonesia,Southeast Asia,Wheat,28.9,1145.6,28,7.09,106.0,30.0,3.86,75.0,3.73,13.3,High
2010,China,East Asia,Rice,24.5,815.8,20,6.43,108.5,79.0,3.97,37.2,6.44,0.0,High
2013,France,Europe,Maize,10.6,747.2,15,7.06,218.0,54.9,2.55,48.0,6.12,9.35,Moderate
2017,Germany,Europe,Wheat,20.3,903.1,23,6.78,119.2,43.8,2.65,79.5,5.44,0.0,High
2024,Indonesia,Southeast Asia,Soybeans,28.3,1116.8,30,6.73,84.7,33.6,3.7,51.1,3.61,0.0,Severe
2022,Germany,Europe,Rice,12.7,837.8,15,5.84,214.5,53.8,3.03,92.7,4.53,8.28,Moderate
2008,Australia,Oceania,Coffee,21.0,978.9,11,6.63,83.0,62.8,3.24,45.1,2.79,0.0,Moderate
2007,Australia,Oceania,Wheat,20.3,596.3,7,6.01,254.4,38.1,3.04,68.5,6.36,0.0,Low
2020,United States,North America,Rice,12.6,839.1,17,6.48,179.0,79.1,3.11,57.2,3.94,18.82,Moderate
2005,United States,North America,Maize,14.6,1162.9,10,6.66,202.7,79.2,4.48,98.3,6.96,2.93,Low
2021,France,Europe,Coffee,15.6,972.5,24,5.58,176.6,75.6,0.88,47.9,1.91,9.67,High
2016,Germany,Europe,Rice,10.3,1027.8,6,6.7,223.8,81.0,4.11,79.3,3.6,9.04,Low
2005,United States,North America,Maize,10.3,1045.5,10,6.85,166.0,63.7,4.03,71.7,5.82,9.52,Low
2022,Argentina,South America,Rice,21.6,1748.6,23,6.12,115.9,36.2,4.26,84.2,5.26,3.08,High
2008,Kenya,Sub-Saharan Africa,Soybeans,22.1,1600.3,14,6.08,74.5,16.3,2.65,50.9,4.07,0.0,Moderate
2005,Canada,North America,Maize,10.0,758.2,4,6.23,113.3,65.6,3.27,58.8,5.89,3.36,Low
2019,France,Europe,Wheat,13.1,1048.1,19,6.46,,60.5,1.27,59.4,5.53,0.0,High
2002,France,Europe,Maize,16.2,681.4,8,6.24,176.1,48.2,4.88,44.1,7.46,0.0,Low
2006,Australia,Oceania,Wheat,25.8,986.6,23,5.54,173.1,32.3,4.71,68.0,4.68,0.0,High
2021,Argentina,South America,Maize,22.3,1016.4,19,6.26,181.3,70.8,3.44,88.0,7.28,1.13,High
2005,Germany,Europe,Barley,13.8,904.1,12,6.17,180.9,57.5,3.57,33.2,4.84,0.0,Moderate
2023,India,South Asia,Rice,26.3,998.2,29,7.18,81.2,39.7,3.7,68.9,5.0,8.74,Severe
2024,Indonesia,Southeast Asia,Wheat,28.9,976.3,31,6.59,37.0,46.8,3.94,64.3,4.15,7.32,Severe
2016,Nigeria,Sub-Saharan Africa,Wheat,28.0,1299.8,31,5.95,119.6,20.9,3.68,52.2,3.72,15.29,Severe
2017,India,South Asia,Maize,31.9,1244.5,22,7.04,107.1,51.4,4.84,49.3,6.28,11.29,Severe
2014,Brazil,South America,Coffee,25.1,1283.1,21,7.06,132.6,53.0,3.87,55.3,2.76,0.0,High
2014,Brazil,South America,Soybeans,24.8,1779.3,21,6.6,235.4,61.3,3.1,47.1,4.32,0.0,High
2025,Kenya,Sub-Saharan Africa,Maize,26.9,1530.8,32,5.65,95.5,28.5,2.94,84.6,6.58,10.62,Severe
2001,Australia,Oceania,Barley,25.1,560.3,21,6.57,128.4,38.2,3.92,47.9,4.77,0.0,High
2013,Indonesia,Southeast Asia,Soybeans,23.2,590.5,20,6.94,45.6,31.7,3.62,47.5,2.85,12.89,High
2015,China,East Asia,Barley,20.8,883.8,16,7.05,147.7,78.6,3.55,82.9,5.0,0.0,Moderate
2025,Indonesia,Southeast Asia,Wheat,29.9,1300.3,43,6.18,113.6,55.8,3.68,93.7,3.1,34.66,Severe
2017,Nigeria,Sub-Saharan Africa,Rice,27.7,1260.8,31,5.9,83.8,27.0,2.53,84.4,5.46,0.93,Severe
2019,Germany,Europe,Soybeans,16.0,1144.9,15,6.26,120.9,58.9,4.4,69.3,4.05,0.0,Moderate
2022,Nigeria,Sub-Saharan Africa,Soybeans,29.0,1035.2,28,7.2,108.5,,3.5,75.7,3.39,2.33,High
2012,Argentina,South America,Wheat,23.0,1569.3,20,6.29,189.5,30.3,2.37,64.9,5.44,0.0,High
2007,Brazil,South America,Barley,24.0,1345.0,15,6.45,101.7,32.3,3.04,64.6,4.37,0.0,Moderate
2017,Nigeria,Sub-Saharan Africa,Maize,34.3,1324.6,37,6.44,99.4,62.2,3.73,81.2,5.46,30.73,Severe
2000,Australia,Oceania,Wheat,17.9,436.1,5,5.43,194.0,37.9,3.49,38.4,5.31,0.0,Low
2007,China,East Asia,Maize,22.0,535.2,15,6.11,158.5,52.0,4.55,27.9,7.69,0.0,Moderate
2004,Germany,Europe,Coffee,12.7,909.5,10,7.0,204.3,87.0,2.03,75.3,2.28,0.0,Low
2019,Brazil,South America,Wheat,24.4,1603.7,36,6.67,180.4,50.1,3.73,54.6,4.89,0.0,Severe
2011,France,Europe,Coffee,12.0,636.8,12,6.46,231.0,52.5,5.05,63.1,1.84,8.58,Moderate
2001,China,East Asia,Soybeans,19.8,296.5,16,6.49,148.0,40.8,3.35,50.3,4.61,0.0,Severe
2023,Germany,Europe,Soybeans,14.1,769.7,17,6.81,,71.5,2.49,76.1,3.13,5.34,Moderate
2004,Canada,North America,Coffee,18.8,691.7,12,6.16,197.7,53.4,3.48,51.7,2.98,0.0,Moderate
2014,Germany,Europe,Soybeans,16.1,1072.5,12,6.16,,83.1,1.92,53.7,3.47,0.13,Moderate
2022,Canada,North America,Coffee,17.1,762.6,11,6.15,180.2,44.7,2.92,76.1,2.16,0.0,Moderate
2021,Argentina,South America,Rice,26.0,1652.9,33,5.44,159.4,69.8,2.41,57.9,5.72,0.0,Severe
2024,Brazil,South America,Barley,30.6,965.9,32,7.07,136.1,68.9,3.91,74.1,2.74,31.23,Severe
2025,France,Europe,Maize,17.1,885.9,18,7.04,229.8,82.8,3.23,85.1,7.62,0.0,Moderate
2025,Brazil,South America,Maize,25.3,1502.2,25,7.18,108.3,74.8,4.62,79.0,7.36,0.8,High
2020,United States,North America,Barley,12.8,981.8,10,6.79,117.6,58.0,4.05,65.2,4.15,0.0,Low
2013,China,East Asia,Barley,16.1,704.6,10,6.4,103.8,79.5,3.26,64.8,4.77,0.0,Low
2005,Indonesia,Southeast Asia,Soybeans,28.3,1692.6,17,6.44,88.2,42.9,4.54,50.6,3.93,0.0,High
2007,France,Europe,Rice,15.3,932.2,7,,116.4,53.6,3.66,42.8,5.16,1.65,Low
2013,China,East Asia,Maize,22.4,748.0,23,7.46,148.6,,2.6,57.7,7.81,0.0,High
2015,United States,North America,Barley,13.6,841.9,12,7.32,187.5,59.1,3.95,61.2,4.5,0.0,Moderate
2014,Argentina,South America,Wheat,23.2,1399.7,18,,118.9,31.3,5.23,66.1,4.18,5.46,Moderate
2012,Argentina,South America,Wheat,24.8,1779.0,20,6.95,81.2,73.2,4.26,71.8,4.59,0.0,High
2003,Brazil,South America,Wheat,22.3,2057.0,26,7.03,167.8,65.4,0.57,58.6,4.84,0.0,High
2016,Kenya,Sub-Saharan Africa,Rice,29.8,1519.1,30,7.68,105.7,38.0,2.02,71.3,4.83,11.02,Severe
2019,United States,North America,Maize,9.3,752.7,7,5.43,204.0,80.8,0.66,79.8,5.73,5.56,Low
2024,China,East Asia,Rice,21.8,978.6,15,6.33,153.5,43.0,1.68,55.2,5.41,1.05,Moderate
2006,Argentina,South America,Wheat,24.6,843.1,19,6.08,154.1,58.0,1.2,65.1,5.03,0.0,High
2017,China,East Asia,Rice,19.9,507.1,20,5.69,123.0,43.3,1.74,80.0,5.57,0.0,High
2012,Germany,Europe,Coffee,12.2,1407.2,7,6.92,219.3,56.6,2.57,49.8,1.61,8.86,Low
2005,France,Europe,Maize,11.4,651.2,4,6.41,167.4,68.5,2.21,58.6,6.38,4.83,Low
2016,Indonesia,Southeast Asia,Wheat,25.0,1755.6,18,6.67,111.6,47.6,2.02,84.6,5.59,0.0,High
2016,China,East Asia,Rice,20.3,339.4,23,6.59,184.9,52.3,3.84,65.5,4.99,6.1,Severe
2023,Indonesia,Southeast Asia,Rice,32.7,870.6,41,5.84,110.7,,2.13,68.0,4.23,25.5,Severe
2006,United States,North America,Soybeans,14.8,539.6,8,5.63,151.2,77.8,3.91,56.9,3.74,0.0,Low
2020,Germany,Europe,Maize,14.4,832.3,11,7.41,103.0,59.0,4.0,81.0,6.46,5.41,Moderate
2022,Indonesia,Southeast Asia,Barley,27.8,1589.5,19,5.08,70.9,34.2,3.69,79.2,2.94,15.95,High
2005,Canada,North America,Wheat,21.9,686.6,17,6.53,200.8,80.7,0.81,39.5,5.72,0.0,Moderate
2010,Indonesia,Southeast Asia,Barley,27.4,1427.3,23,6.56,105.4,62.6,2.41,47.6,3.99,1.83,High
2000,Nigeria,Sub-Saharan Africa,Rice,26.2,1397.1,16,6.61,143.1,21.9,4.1,46.3,6.01,0.0,High
2025,Australia,Oceania,Wheat,19.5,653.5,21,6.1,163.3,31.4,2.82,78.1,4.86,0.0,High
2006,Nigeria,Sub-Saharan Africa,Coffee,28.5,1237.8,24,5.49,106.8,41.3,2.08,43.7,3.38,0.0,High
2014,India,South Asia,Barley,27.4,1126.6,31,6.18,53.1,40.9,2.74,82.5,3.24,16.69,Severe
2012,Germany,Europe,Coffee,11.3,891.5,9,5.59,188.7,40.6,3.4,51.6,0.4,25.88,Low
2022,Kenya,Sub-Saharan Africa,Wheat,28.8,1343.2,31,7.85,112.5,39.3,1.91,64.4,2.86,34.25,Severe
2024,France,Europe,Wheat,13.8,861.9,27,6.58,172.2,80.3,3.57,72.8,4.64,0.0,High
2015,Canada,North America,Wheat,12.5,879.5,11,6.55,85.3,77.7,4.32,63.7,4.59,0.0,Moderate
2019,Argentina,South America,Soybeans,25.3,1529.4,22,7.51,109.4,26.8,4.47,85.6,3.35,2.77,High
2024,China,East Asia,Maize,22.1,1100.4,28,6.31,128.8,77.2,2.77,76.3,8.28,0.0,High
2016,France,Europe,Barley,12.5,918.3,23,5.96,155.9,81.2,4.03,49.8,3.92,2.41,High
2013,China,East Asia,Rice,20.0,953.0,22,7.23,126.3,66.2,3.79,32.4,5.78,0.0,High
2024,United States,North America,Maize,17.2,497.9,17,6.46,177.7,,3.36,79.6,7.72,0.0,Moderate
2000,Germany,Europe,Barley,12.2,649.7,4,7.47,202.7,88.6,3.11,53.8,4.11,0.0,Low
2019,Nigeria,Sub-Saharan Africa,Wheat,24.5,848.5,22,6.85,64.9,34.8,2.15,63.6,3.77,13.36,High
2003,Brazil,South America,Wheat,27.7,1403.8,15,5.91,129.7,56.2,2.96,44.5,4.74,0.0,High
2017,Argentina,South America,Coffee,19.3,1701.0,18,5.85,146.5,39.1,3.64,69.0,3.13,0.0,Moderate
2004,Indonesia,Southeast Asia,Soybeans,28.0,648.8,15,6.21,96.7,50.3,1.56,61.5,3.15,5.42,High
2021,India,South Asia,Coffee,25.2,892.9,26,5.34,116.7,40.4,3.86,82.3,2.74,0.0,High
2015,Argentina,South America,Maize,22.9,1748.3,24,6.98,179.9,72.3,3.46,48.1,7.67,0.0,High
2002,Kenya,Sub-Saharan Africa,Barley,25.3,1809.3,24,6.75,86.8,56.0,2.39,44.5,4.15,0.0,High
2008,China,East Asia,Rice,19.2,325.7,6,6.83,182.4,53.7,3.07,46.6,4.78,5.22,Severe
2004,Brazil,South America,Coffee,21.7,1043.4,18,7.88,169.4,56.8,4.1,62.6,2.42,0.0,Moderate
2021,India,South Asia,Wheat,25.2,1211.7,31,5.87,107.1,34.0,2.72,91.3,4.23,6.43,Severe
2006,Kenya,Sub-Saharan Africa,Maize,22.2,1533.4,18,6.26,104.7,44.0,4.7,57.0,7.76,0.0,Moderate
2021,India,South Asia,Barley,28.4,626.4,32,7.8,89.2,36.0,2.56,57.6,2.98,24.52,Severe
2019,Nigeria,Sub-Saharan Africa,Maize,27.1,1630.9,43,6.88,60.2,63.0,4.3,62.0,7.09,5.51,Severe
2014,China,East Asia,Soybeans,17.4,538.7,13,6.15,162.4,36.9,2.29,71.4,3.59,0.0,Moderate
2016,Kenya,Sub-Saharan Africa,Wheat,29.6,847.3,26,6.76,118.0,63.9,3.88,62.8,4.02,9.07,Severe
2003,Nigeria,Sub-Saharan Africa,Maize,28.6,1588.1,27,6.72,54.7,35.3,3.96,58.5,6.44,10.8,High
2019,France,Europe,Wheat,10.5,695.9,15,5.42,272.4,72.1,3.88,74.9,4.07,5.23,Moderate
2019,Argentina,South America,Wheat,22.9,1642.3,16,6.4,131.3,25.1,0.5,82.1,5.77,0.0,Moderate
2011,Kenya,Sub-Saharan Africa,Barley,25.4,891.6,17,6.61,50.2,15.6,2.09,47.0,3.73,4.06,High
2016,Argentina,South America,Soybeans,22.3,1820.8,18,6.74,121.4,58.8,3.09,73.8,3.82,0.0,Moderate
2000,India,South Asia,Coffee,26.3,1605.8,16,6.3,123.8,31.5,3.8,52.4,3.35,0.0,High
2002,Kenya,Sub-Saharan Africa,Rice,25.7,1158.2,14,5.74,54.5,44.3,3.08,31.3,5.7,0.0,High
2025,Canada,North America,Coffee,13.4,660.5,21,5.17,136.6,56.5,3.31,86.9,1.37,22.5,High
2006,Canada,North America,Soybeans,10.3,606.4,6,5.46,162.2,65.1,2.86,46.0,2.5,12.49,Low
2012,Argentina,South America,Rice,22.2,1505.8,20,6.48,194.6,36.4,3.02,80.9,5.61,0.0,High
2022,Kenya,Sub-Saharan Africa,Maize,28.4,864.6,41,6.18,88.6,17.6,3.12,77.2,5.48,32.23,Severe
2021,Germany,Europe,Coffee,16.4,884.5,14,5.77,229.8,63.7,2.7,87.7,2.36,0.0,Moderate
2022,Australia,Oceania,Coffee,14.7,841.8,16,6.7,28.5,77.3,1.06,72.9,1.19,22.77,Moderate
2022,Brazil,South America,Soybeans,25.8,801.8,23,8.37,161.8,62.5,3.99,76.3,2.96,9.95,High
2001,Brazil,South America,Coffee,21.3,1562.3,14,4.8,114.7,48.8,3.05,70.0,2.63,0.0,Moderate
2004,India,South Asia,Maize,28.0,1800.3,13,5.87,88.2,15.3,2.78,50.0,6.2,10.2,High
2002,Australia,Oceania,Coffee,25.2,872.6,16,6.53,129.1,58.5,2.84,63.9,3.6,0.0,High
2003,Indonesia,Southeast Asia,Wheat,28.3,1008.8,20,6.92,96.0,24.1,1.88,45.6,4.48,1.08,High
2002,Kenya,Sub-Saharan Africa,Soybeans,27.5,833.8,20,6.12,89.3,57.6,3.35,58.7,3.91,0.0,High
2008,Brazil,South America,Rice,24.8,1674.3,23,6.33,80.5,70.9,4.42,51.7,5.36,2.16,High
2010,Argentina,South America,Soybeans,22.8,1758.6,16,,191.2,57.9,2.77,61.6,4.98,0.0,Moderate
2002,United States,North America,Maize,12.4,768.5,6,7.93,211.1,82.3,3.32,62.6,6.2,4.17,Low
2003,Nigeria,Sub-Saharan Africa,Barley,25.9,1899.0,16,6.42,95.1,52.3,3.04,50.9,4.59,0.0,High
2011,China,East Asia,Wheat,16.3,1043.6,22,6.57,116.4,46.1,4.53,77.2,4.95,0.0,High
2006,France,Europe,Barley,13.5,518.6,6,7.33,157.8,67.1,2.52,46.7,4.59,0.0,Low
2005,China,East Asia,Soybeans,18.4,616.0,16,6.76,130.6,79.0,2.73,53.5,4.05,0.0,Moderate
2003,China,East Asia,Wheat,17.4,400.3,11,6.08,76.8,70.7,3.34,60.2,4.81,0.0,Moderate
2018,India,South Asia,Maize,25.8,882.2,21,,,56.2,4.88,62.1,7.29,1.43,High
2015,Argentina,South America,Barley,20.2,1503.2,14,6.02,140.1,,3.11,63.6,4.72,0.0,Moderate
2015,Germany,Europe,Soybeans,16.9,738.6,14,6.52,175.3,88.3,3.18,73.5,4.49,0.0,Moderate
2018,Nigeria,Sub-Saharan Africa,Soybeans,28.4,1441.7,16,6.66,106.3,59.4,3.77,85.0,3.84,0.0,High
2014,Indonesia,Southeast Asia,Soybeans,24.5,1609.0,21,5.42,96.2,52.1,2.12,77.0,3.66,0.0,High
2000,United States,North America,Barley,14.2,1040.9,10,5.63,200.9,42.3,2.54,76.8,4.01,0.69,Low
2017,China,East Asia,Maize,30.1,150.0,35,6.42,125.4,50.5,2.48,88.2,6.61,10.57,Severe
2020,Canada,North America,Barley,15.5,640.4,17,5.5,167.3,69.6,4.24,72.4,4.17,0.0,Moderate
2007,Germany,Europe,Soybeans,14.0,796.4,8,6.04,154.3,59.4,2.75,72.0,3.11,4.0,Low
2007,Indonesia,Southeast Asia,Coffee,25.7,1206.9,17,6.67,63.1,36.6,2.98,46.5,3.58,0.0,High
2008,Nigeria,Sub-Saharan Africa,Maize,25.5,437.9,19,6.88,110.9,22.3,1.16,33.1,6.61,6.5,High
2010,Germany,Europe,Rice,14.9,962.0,11,6.61,171.2,45.3,3.86,57.4,5.59,0.0,Moderate
2007,France,Europe,Barley,13.1,706.2,10,5.17,135.2,82.6,3.17,72.0,4.35,0.0,Low
2004,Nigeria,Sub-Saharan Africa,Maize,26.0,1252.3,15,5.87,91.4,17.9,1.76,66.2,6.37,6.5,High
2016,India,South Asia,Soybeans,30.6,1471.5,26,6.32,98.8,53.5,3.27,58.9,3.3,3.7,Severe
2019,Nigeria,Sub-Saharan Africa,Coffee,26.7,1238.3,34,6.03,114.5,,2.94,63.1,2.41,0.0,Severe
2017,France,Europe,Rice,12.1,735.9,14,6.86,160.8,48.7,2.43,82.0,3.46,18.8,Moderate
2004,Brazil,South America,Rice,23.5,1640.5,19,6.33,138.4,64.8,2.7,47.3,6.39,0.0,High
2014,Nigeria,Sub-Saharan Africa,Barley,26.7,1447.0,28,7.13,104.8,52.4,4.29,41.4,3.58,9.3,High
2011,India,South Asia,Wheat,25.7,1257.2,20,6.78,77.2,55.6,3.39,62.7,4.22,4.67,High
2001,China,East Asia,Rice,15.9,347.1,9,7.1,94.1,54.9,4.02,60.0,4.64,8.12,Severe
2021,India,South Asia,Soybeans,27.6,1080.0,39,6.05,112.6,40.9,2.0,70.0,3.2,8.33,Severe
2024,Brazil,South America,Rice,24.9,1386.4,26,5.98,166.9,,4.92,88.4,5.27,3.64,High
2024,Kenya,Sub-Saharan Africa,Coffee,28.2,594.0,23,6.08,88.2,22.7,4.9,65.4,2.3,0.0,High
2001,Australia,Oceania,Soybeans,11.7,836.0,6,6.87,,42.0,3.94,41.9,3.41,0.61,Low
2013,China,East Asia,Barley,18.7,574.1,12,,156.3,31.8,1.34,70.0,5.02,0.0,Moderate
2004,France,Europe,Rice,15.0,1016.1,12,6.13,151.4,81.5,3.9,42.4,5.31,1.66,Moderate
2025,United States,North America,Rice,13.2,964.4,15,7.15,169.0,70.0,2.66,68.8,4.24,12.78,Moderate
2002,Nigeria,Sub-Saharan Africa,Coffee,25.1,1238.0,11,6.88,69.2,51.4,3.28,54.0,3.34,0.0,High
2014,India,South Asia,Coffee,24.7,1323.1,26,6.81,,42.0,3.32,90.4,2.42,0.0,High
2015,Brazil,South America,Barley,22.9,1079.8,34,5.75,118.1,39.0,2.9,81.9,3.76,8.11,Severe
2016,Canada,North America,Maize,16.1,1275.7,16,4.8,176.4,63.6,3.52,74.3,7.02,3.36,Moderate
2006,Brazil,South America,Wheat,26.4,1843.2,19,6.53,153.0,68.1,4.3,35.0,4.86,0.0,High
2007,Nigeria,Sub-Saharan Africa,Barley,26.4,898.8,20,6.35,130.6,26.8,3.33,52.0,4.4,0.0,High
2007,India,South Asia,Maize,24.7,1598.2,15,5.74,130.6,61.2,5.12,55.3,6.97,3.53,Moderate
2022,Nigeria,Sub-Saharan Africa,Coffee,30.3,855.6,31,6.69,76.4,40.4,3.76,70.8,2.44,0.0,Severe
2022,Germany,Europe,Rice,12.7,585.2,17,6.01,237.2,84.9,4.02,68.3,4.18,14.73,Moderate
2013,Brazil,South America,Coffee,23.1,1752.4,27,7.02,147.0,49.1,3.91,50.3,3.61,0.0,High
2007,United States,North America,Wheat,14.7,553.6,12,6.38,186.3,57.0,3.27,42.9,5.39,0.0,Moderate
2001,Canada,North America,Coffee,9.2,1074.3,5,6.54,165.5,53.8,3.2,53.8,0.67,16.73,Low
2014,United States,North America,Wheat,14.1,1045.9,11,6.59,207.1,68.8,4.42,73.1,5.83,0.0,Moderate
2019,Germany,Europe,Maize,20.8,738.3,24,6.61,,84.0,2.68,48.4,7.74,0.0,High
2017,Kenya,Sub-Saharan Africa,Barley,29.5,1361.4,26,7.58,48.1,21.5,5.67,56.4,1.49,54.77,High
2015,Brazil,South America,Barley,22.8,1621.6,25,6.02,162.1,59.7,3.15,44.7,4.98,0.0,High
2003,China,East Asia,Soybeans,19.6,862.4,13,7.34,108.2,46.6,4.44,43.2,3.99,0.0,Moderate
2010,China,East Asia,Barley,22.0,847.7,23,6.7,162.2,49.4,2.03,67.4,4.7,0.0,High
2020,France,Europe,Coffee,7.6,699.4,20,6.77,162.4,71.5,3.39,66.1,0.65,47.6,High
2025,United States,North America,Soybeans,13.2,937.4,25,6.85,184.3,63.8,1.35,66.1,3.3,4.11,High
2000,Kenya,Sub-Saharan Africa,Soybeans,29.1,1760.2,15,7.62,83.9,64.3,2.27,46.8,3.44,0.51,High
2016,Germany,Europe,Maize,11.8,803.3,15,5.74,,68.4,4.73,62.3,6.17,10.6,Moderate
2000,India,South Asia,Coffee,26.7,719.3,21,7.37,110.5,51.2,3.89,46.8,3.03,0.0,High
2012,Indonesia,Southeast Asia,Coffee,29.7,1743.9,21,7.58,25.6,61.9,3.17,45.6,2.78,0.0,Severe
2009,France,Europe,Coffee,11.1,1006.6,13,7.57,156.1,65.9,2.76,75.9,0.43,38.99,Moderate
2016,France,Europe,Barley,17.7,669.5,23,8.08,228.2,72.7,3.21,54.6,4.81,0.0,High
2024,Argentina,South America,Rice,25.9,2045.5,27,6.28,171.0,38.7,3.59,70.7,5.9,0.0,High
2005,Germany,Europe,Maize,14.3,732.0,10,6.93,161.4,49.1,5.4,61.0,6.51,5.16,Low
2009,Canada,North America,Barley,10.8,944.3,9,6.5,157.6,81.5,3.26,48.5,4.38,0.0,Low
2006,Germany,Europe,Wheat,16.3,854.6,15,5.68,241.3,42.5,2.94,37.8,5.49,0.0,Moderate
2009,Nigeria,Sub-Saharan Africa,Maize,28.6,1047.6,26,6.08,89.8,39.0,1.35,70.3,6.47,10.89,High
2024,India,South Asia,Barley,32.0,1181.7,23,7.24,72.0,42.4,3.8,58.1,2.3,32.79,Severe
2025,United States,North America,Wheat,15.4,873.8,23,7.5,157.8,72.2,4.45,82.2,4.31,3.32,High
2022,Canada,North America,Rice,13.9,239.4,24,6.84,175.7,55.1,4.76,84.4,3.89,23.53,Severe
2022,Canada,North America,Wheat,20.4,495.4,24,6.62,217.3,59.6,3.4,88.7,5.52,0.0,High
2004,France,Europe,Coffee,15.7,960.4,11,5.87,142.7,49.5,1.9,44.7,2.31,0.0,Moderate
2018,Australia,Oceania,Rice,17.1,427.8,20,6.82,167.7,79.0,2.44,62.7,5.76,0.0,High
2007,Argentina,South America,Coffee,22.1,1265.5,13,7.58,159.8,56.2,3.21,69.9,2.83,0.0,Moderate
2002,France,Europe,Wheat,19.1,879.9,13,6.77,235.6,81.3,1.96,78.2,5.98,0.0,Moderate
2002,Argentina,South America,Barley,25.1,1793.1,11,6.3,169.2,60.3,2.96,48.2,5.19,0.0,High
2004,Brazil,South America,Maize,24.0,1176.7,14,7.16,189.8,41.4,3.13,46.6,7.93,0.0,Moderate
2002,France,Europe,Rice,14.2,875.3,12,5.93,157.1,74.2,4.36,51.2,4.48,9.52,Moderate
2007,Nigeria,Sub-Saharan Africa,Wheat,25.2,1302.7,30,6.22,58.7,19.3,2.5,38.9,3.55,17.25,Severe
2023,United States,North America,Coffee,14.0,736.7,18,5.74,,43.7,5.18,68.9,1.62,13.95,Moderate
2025,Australia,Oceania,Barley,13.6,1044.8,19,6.35,127.7,58.0,4.7,68.5,3.9,2.92,High
2019,Australia,Oceania,Soybeans,21.2,819.6,26,6.69,175.1,37.0,2.81,65.6,4.65,0.0,High
2001,Nigeria,Sub-Saharan Africa,Wheat,28.4,881.5,19,6.99,76.1,59.4,5.38,50.2,4.56,0.0,High
2000,Kenya,Sub-Saharan Africa,Maize,27.8,1269.2,16,6.31,66.6,35.2,3.06,26.1,7.73,0.0,High
2000,Kenya,Sub-Saharan Africa,Barley,29.7,1616.6,19,7.15,102.3,28.2,4.54,32.8,3.35,11.09,Severe
2021,Brazil,South America,Wheat,24.1,1509.1,16,7.05,,69.2,1.18,87.1,5.46,0.0,Moderate
2025,Germany,Europe,Coffee,18.7,907.5,28,7.19,164.3,58.5,4.53,75.3,2.14,0.71,High
2012,Indonesia,Southeast Asia,Coffee,26.1,1098.5,15,6.42,36.3,45.0,3.18,57.2,2.43,0.0,High
2025,Canada,North America,Maize,20.3,936.3,23,6.32,170.7,62.6,3.86,79.2,7.19,2.35,High
2002,Australia,Oceania,Coffee,21.9,524.5,17,6.39,117.0,40.0,2.36,35.0,2.91,0.0,Moderate
2012,India,South Asia,Coffee,29.7,1727.4,25,6.67,46.6,44.2,3.19,70.1,2.71,0.0,Severe
2017,Argentina,South America,Maize,22.9,1382.6,32,5.53,106.1,31.7,1.39,65.1,6.81,9.04,Severe
2012,France,Europe,Wheat,11.0,1098.9,10,7.13,215.5,78.8,3.85,47.8,3.78,6.18,Low
2015,United States,North America,Rice,9.1,1099.1,9,6.78,235.3,48.6,3.94,50.4,3.05,15.44,Low
2015,Australia,Oceania,Wheat,20.0,537.7,29,6.16,170.6,70.6,3.22,74.6,5.25,0.0,Severe
2010,China,East Asia,Maize,23.8,415.0,13,6.77,153.7,65.3,3.67,58.6,7.96,0.0,Moderate
2014,Indonesia,Southeast Asia,Soybeans,27.0,1282.1,22,6.47,110.0,30.6,4.8,61.8,3.25,5.17,High
2020,United States,North America,Maize,14.5,696.5,22,6.08,197.7,85.8,3.14,52.5,7.09,3.57,High
2009,Australia,Oceania,Wheat,22.8,615.9,18,5.9,121.0,42.8,1.13,66.0,5.15,0.0,Moderate
2019,Australia,Oceania,Wheat,21.5,1035.7,19,6.96,,77.1,2.89,55.0,5.34,0.0,High
2020,France,Europe,Coffee,12.2,876.2,15,7.08,266.0,51.8,4.86,81.4,1.28,25.23,Moderate
2016,Argentina,South America,Barley,24.2,1652.0,30,6.71,147.6,58.2,3.6,75.1,4.28,0.0,Severe
2023,Kenya,Sub-Saharan Africa,Soybeans,24.0,1759.2,33,7.2,104.5,28.8,4.32,58.9,3.67,0.0,Severe
2006,India,South Asia,Rice,27.5,502.8,23,6.1,101.5,42.6,2.91,45.7,5.21,4.33,High
2004,Germany,Europe,Maize,14.8,727.1,14,6.84,217.8,89.9,4.77,49.4,7.03,3.22,Moderate
2011,Germany,Europe,Rice,10.7,957.9,9,7.2,230.8,45.6,2.48,77.8,3.82,14.43,Low
2012,India,South Asia,Maize,25.1,1189.0,19,7.06,90.5,18.2,1.71,83.2,7.14,2.5,High
2011,Brazil,South America,Maize,22.8,1770.9,20,6.94,128.9,42.4,4.65,60.1,6.96,3.97,High
2000,Nigeria,Sub-Saharan Africa,Wheat,23.4,1376.2,20,5.49,87.5,19.8,1.43,34.1,4.48,1.35,High
2017,Canada,North America,Soybeans,5.7,744.3,7,7.51,150.3,41.4,3.44,47.7,1.0,25.38,Low
2005,Australia,Oceania,Coffee,20.1,874.6,17,6.17,159.6,41.8,3.53,72.8,2.63,0.0,Moderate
2019,Nigeria,Sub-Saharan Africa,Coffee,26.4,1568.3,25,6.71,153.4,27.9,2.61,68.1,2.93,0.0,High
2015,Indonesia,Southeast Asia,Wheat,23.4,1968.7,24,6.61,95.7,43.5,0.55,75.3,5.28,0.0,High
2013,Australia,Oceania,Wheat,22.4,773.0,18,4.85,159.1,38.5,3.07,80.9,4.37,2.98,Moderate
2002,Indonesia,Southeast Asia,Soybeans,25.9,1254.2,15,6.84,143.4,59.9,3.78,36.6,4.87,0.0,High
2015,Germany,Europe,Wheat,13.5,771.4,17,5.45,148.4,68.5,2.43,57.8,4.72,0.0,Moderate
2015,Indonesia,Southeast Asia,Coffee,21.4,1146.5,16,6.08,108.8,47.9,2.44,59.7,2.84,0.0,Moderate
2007,Australia,Oceania,Wheat,20.3,275.6,13,5.85,93.5,73.0,5.4,40.5,4.92,0.0,Severe
2021,France,Europe,Wheat,14.5,1195.0,20,5.84,206.3,55.5,4.63,80.3,4.49,0.96,High
2020,France,Europe,Maize,14.4,611.8,20,6.43,160.4,86.4,2.34,55.3,7.31,1.18,High
2013,Indonesia,Southeast Asia,Soybeans,28.5,1119.0,31,6.77,96.7,48.1,3.15,59.2,4.08,0.0,Severe
2005,Brazil,South America,Rice,25.8,1823.3,13,5.43,175.6,32.2,1.71,71.3,6.28,0.0,High
2002,Nigeria,Sub-Saharan Africa,Rice,25.1,1429.9,24,,42.7,31.7,2.13,66.7,5.16,4.8,High
2000,Brazil,South America,Maize,23.5,1323.5,10,6.54,106.4,68.1,5.66,43.4,7.24,0.93,Low
2016,India,South Asia,Rice,24.6,1829.2,19,6.54,94.2,63.5,0.8,76.9,6.11,0.0,High
2011,United States,North America,Coffee,17.8,787.5,19,6.89,240.7,85.9,4.16,60.6,3.23,0.0,High
2025,Kenya,Sub-Saharan Africa,Maize,28.9,1060.4,44,6.62,79.4,16.3,0.54,66.4,6.2,19.07,Severe
2007,Nigeria,Sub-Saharan Africa,Barley,27.4,1295.7,12,7.1,71.8,35.8,4.44,60.1,3.46,8.38,High
2005,Brazil,South America,Wheat,23.9,1267.6,17,6.37,132.7,,2.84,55.7,5.27,0.0,Moderate
2005,China,East Asia,Coffee,11.9,681.2,9,6.07,79.2,37.9,3.07,42.1,0.58,26.85,Low
2013,Australia,Oceania,Rice,14.5,757.1,12,6.25,145.4,60.7,3.14,69.9,4.62,5.95,Moderate
2008,China,East Asia,Soybeans,13.3,411.7,10,6.68,134.0,79.5,2.77,39.1,3.25,2.98,Low
2010,Germany,Europe,Wheat,10.7,1034.7,5,6.13,,59.1,3.01,75.4,4.69,0.0,Low
2023,Argentina,South America,Coffee,26.3,1644.3,35,5.9,161.9,31.7,1.19,57.6,2.57,0.0,Severe
2019,Canada,North America,Coffee,15.3,763.1,13,6.01,211.7,80.5,4.13,58.2,2.81,0.0,Moderate
2020,United States,North America,Coffee,17.8,895.2,22,6.42,97.1,46.2,3.25,78.2,2.37,0.0,High
2000,United States,North America,Coffee,14.5,737.9,14,4.91,290.7,66.9,2.62,28.8,1.98,4.79,Moderate
2019,Canada,North America,Soybeans,16.4,497.5,15,6.3,220.8,50.4,3.53,62.0,4.42,0.0,Moderate
2011,India,South Asia,Wheat,23.8,1502.9,15,6.92,96.2,34.1,2.3,79.1,4.36,2.0,Moderate
2019,Indonesia,Southeast Asia,Barley,25.6,515.7,34,5.17,87.4,60.0,2.34,54.1,3.66,11.49,Severe
2000,Indonesia,Southeast Asia,Coffee,25.9,900.3,22,6.33,,58.5,4.12,45.4,3.3,0.0,High
2020,Brazil,South America,Coffee,24.8,1171.4,27,6.4,82.7,37.0,4.3,49.3,2.35,0.0,High
2017,China,East Asia,Barley,24.8,1044.3,19,5.5,107.1,55.9,4.24,65.7,4.45,0.0,High
2005,Brazil,South America,Barley,21.7,1413.3,13,5.74,162.2,41.3,3.9,43.2,4.99,0.0,Moderate
2009,Canada,North America,Wheat,16.6,826.1,14,6.61,215.8,74.4,4.23,79.2,5.99,0.0,Moderate
2010,China,East Asia,Rice,18.8,847.6,15,6.88,132.7,64.1,3.41,62.4,5.17,3.94,Moderate
2017,China,East Asia,Coffee,27.1,668.1,24,6.28,64.9,39.3,3.37,72.3,2.71,0.0,High
2003,France,Europe,Barley,14.9,613.8,8,6.27,177.8,51.8,1.27,43.7,4.84,0.0,Low
2023,Kenya,Sub-Saharan Africa,Soybeans,31.8,1905.2,41,,100.9,33.5,3.39,85.2,2.24,45.39,Severe
2008,Nigeria,Sub-Saharan Africa,Rice,25.7,1409.1,14,6.4,94.3,24.4,4.72,49.2,6.02,0.0,High
2018,France,Europe,Wheat,21.5,968.0,22,5.86,208.9,84.6,2.62,54.5,5.48,0.0,High
2000,Australia,Oceania,Wheat,23.2,949.1,7,6.6,126.0,74.0,4.89,60.2,5.66,0.0,Low
2013,United States,North America,Wheat,12.7,673.7,14,,204.5,81.9,4.65,59.0,4.95,0.0,Moderate
2016,Argentina,South America,Coffee,24.8,2062.8,19,6.42,103.1,32.7,0.89,65.9,2.65,0.0,High
2019,India,South Asia,Soybeans,26.8,1491.6,43,6.19,94.2,40.0,4.22,84.1,3.37,4.06,Severe
2001,Germany,Europe,Soybeans,9.1,1051.5,1,5.76,119.3,72.9,3.16,61.4,1.45,6.31,Low
2011,Australia,Oceania,Barley,23.9,665.9,22,6.53,159.8,61.4,3.91,69.3,5.24,0.0,High
2004,Kenya,Sub-Saharan Africa,Wheat,23.8,946.5,21,7.05,89.7,56.6,4.94,70.2,5.16,0.0,High
2011,Kenya,Sub-Saharan Africa,Barley,25.3,1427.8,21,6.07,,61.1,4.01,43.6,4.37,0.0,High
2000,United States,North America,Maize,16.7,1161.5,8,6.69,123.7,58.9,4.06,52.3,7.69,0.0,Low
2006,Argentina,South America,Soybeans,20.2,1822.6,12,6.51,123.5,37.0,3.76,68.9,4.59,0.0,Moderate
2021,Canada,North America,Barley,9.0,773.4,12,5.82,152.8,53.7,3.56,70.8,3.59,5.89,Moderate
2021,Germany,Europe,Barley,14.1,738.1,16,6.25,171.3,89.4,6.13,72.8,4.95,0.0,Moderate
2008,Germany,Europe,Wheat,15.9,731.7,12,7.06,136.2,81.7,2.69,45.3,5.56,0.0,Moderate
2007,India,South Asia,Barley,27.5,921.4,16,,123.9,44.3,2.35,64.8,3.77,4.39,High
2010,Kenya,Sub-Saharan Africa,Coffee,26.9,580.5,19,5.89,113.1,22.8,2.03,41.2,3.28,0.0,High
2011,Argentina,South America,Barley,26.8,1996.8,31,,91.1,58.6,2.06,57.4,3.49,13.06,Severe
2000,Canada,North America,Barley,12.4,566.0,7,6.54,250.4,88.6,2.68,35.5,4.75,0.0,Low
2023,France,Europe,Maize,18.7,1222.9,21,6.08,127.5,60.2,3.29,69.7,7.82,0.0,High
2002,Indonesia,Southeast Asia,Wheat,26.2,977.7,23,6.48,96.7,22.2,1.54,39.8,4.74,0.0,High
2023,United States,North America,Coffee,21.8,475.9,28,7.17,179.5,65.8,3.95,73.9,2.47,0.0,High
2012,China,East Asia,Wheat,25.0,569.6,12,6.33,105.2,54.5,3.27,29.4,5.12,0.0,Moderate
2019,Nigeria,Sub-Saharan Africa,Soybeans,24.8,1422.8,19,5.73,109.4,56.2,3.42,78.4,3.29,3.44,High
2013,Indonesia,Southeast Asia,Soybeans,24.2,1705.4,21,6.88,80.8,59.0,2.45,48.2,3.45,0.58,High
2003,Brazil,South America,Soybeans,22.2,1307.5,17,6.91,181.5,56.8,1.86,61.1,4.43,0.0,Moderate
2015,India,South Asia,Wheat,29.5,1025.8,32,6.75,113.8,39.4,4.22,58.1,3.74,14.85,Severe
2015,Indonesia,Southeast Asia,Maize,30.9,1115.5,25,6.03,93.3,20.8,4.72,74.3,6.2,14.53,Severe
2014,Brazil,South America,Soybeans,26.7,1314.6,27,6.72,222.4,60.3,3.95,55.5,4.78,0.0,High
2023,Argentina,South America,Wheat,24.8,1260.7,18,7.45,195.0,67.0,3.4,98.6,5.37,0.0,Moderate
2021,Germany,Europe,Coffee,16.1,748.6,13,6.67,215.6,46.1,3.22,87.4,2.17,0.0,Moderate
2021,United States,North America,Rice,9.4,694.8,10,8.4,221.4,89.3,3.4,52.9,2.02,28.58,Low
2008,Kenya,Sub-Saharan Africa,Barley,27.5,457.2,22,7.36,67.6,28.0,2.77,56.6,2.49,23.83,High
2019,Kenya,Sub-Saharan Africa,Soybeans,31.4,1275.3,35,6.79,59.4,23.9,3.84,76.4,2.09,39.1,Severe
2001,France,Europe,Soybeans,15.2,656.6,7,7.14,209.6,70.5,3.38,37.0,4.0,0.0,Low
2020,Nigeria,Sub-Saharan Africa,Barley,26.5,1495.0,25,6.63,101.5,24.6,2.4,70.8,3.54,9.6,High
2012,Nigeria,Sub-Saharan Africa,Wheat,28.4,766.1,24,5.8,10.0,27.2,3.4,57.9,2.79,26.05,High
2014,Kenya,Sub-Saharan Africa,Maize,29.8,992.2,19,6.33,96.9,60.7,2.63,66.3,7.34,0.76,Severe
2017,United States,North America,Soybeans,16.1,941.3,14,6.52,86.1,71.0,3.44,76.4,3.7,0.0,Moderate
2012,Australia,Oceania,Rice,22.8,540.1,19,6.47,118.3,78.9,2.53,67.9,6.27,0.0,High
2002,Australia,Oceania,Barley,26.1,250.9,16,6.01,127.7,78.7,1.57,36.1,3.58,7.52,Severe
2012,Australia,Oceania,Rice,18.2,744.8,24,6.95,85.7,48.0,5.29,67.8,4.52,13.01,High
2007,United States,North America,Maize,12.2,1176.7,7,6.71,203.0,40.1,5.85,66.3,7.06,1.19,Low
2000,France,Europe,Rice,14.3,434.3,11,6.22,131.8,58.3,2.94,53.4,4.99,4.23,Moderate
2003,Indonesia,Southeast Asia,Soybeans,20.5,1400.2,19,6.76,89.0,50.9,4.95,44.0,3.66,0.0,High
2006,Canada,North America,Coffee,19.2,1160.2,10,6.73,210.1,84.0,4.1,65.1,3.5,0.0,Low
2020,Kenya,Sub-Saharan Africa,Barley,28.3,1370.1,25,5.9,82.3,17.9,3.36,52.3,2.58,26.11,High
2001,Canada,North America,Maize,18.7,797.6,11,6.06,134.7,70.7,6.29,58.4,7.18,1.61,Moderate
2000,Nigeria,Sub-Saharan Africa,Maize,29.1,1245.7,16,6.94,66.5,47.0,2.61,59.7,6.71,6.36,High
2008,Indonesia,Southeast Asia,Maize,30.4,1403.0,27,6.9,127.3,43.0,3.39,61.0,6.76,6.98,Severe
2022,Brazil,South America,Coffee,24.2,1190.7,17,7.04,137.5,55.1,2.87,70.7,3.31,0.0,Moderate
2005,India,South Asia,Maize,23.1,1068.0,19,6.68,97.2,58.0,3.12,57.5,7.61,0.0,High
2016,Brazil,South America,Coffee,25.2,1514.1,38,6.22,178.5,63.1,3.06,55.2,3.08,0.0,Severe
2004,Germany,Europe,Rice,11.6,966.3,9,6.8,241.1,88.1,1.0,42.5,4.28,10.79,Low
2023,Indonesia,Southeast Asia,Rice,30.0,796.7,32,6.8,81.5,58.8,4.27,65.4,4.85,11.26,Severe
2015,India,South Asia,Rice,26.7,1064.8,27,6.36,71.3,48.3,5.09,69.1,4.84,10.47,High
2001,Canada,North America,Rice,13.2,930.8,6,7.04,162.8,67.1,3.07,54.4,3.89,9.33,Low
2015,Kenya,Sub-Saharan Africa,Rice,27.2,1271.9,29,7.98,121.9,58.3,3.45,60.5,5.07,7.35,Severe
2022,China,East Asia,Wheat,21.0,947.7,28,5.78,94.7,46.2,3.08,47.2,4.73,0.0,High
2012,Canada,North America,Coffee,13.0,937.2,14,6.2,217.6,81.3,1.79,81.1,1.64,15.19,Moderate
2021,Kenya,Sub-Saharan Africa,Wheat,24.0,915.0,19,,53.1,49.7,1.57,52.5,4.32,3.27,High
2010,France,Europe,Soybeans,13.5,996.9,15,6.06,246.2,54.0,2.94,42.9,4.14,0.0,Moderate
2024,United States,North America,Soybeans,13.1,585.5,14,6.07,187.0,46.5,3.29,85.2,3.26,3.5,Moderate
2000,Nigeria,Sub-Saharan Africa,Barley,23.9,771.0,11,6.14,138.0,38.2,4.37,57.3,5.11,0.0,Moderate
2013,France,Europe,Wheat,14.4,638.1,16,6.1,175.9,54.6,2.87,59.0,4.45,1.1,Moderate
2003,Nigeria,Sub-Saharan Africa,Maize,26.3,1057.8,18,7.33,128.8,40.0,1.6,39.9,6.99,3.2,High
2003,France,Europe,Maize,16.0,739.3,6,5.84,233.6,84.6,3.75,37.8,7.81,0.0,Low
2018,Brazil,South America,Wheat,23.5,1119.7,24,6.12,165.4,60.1,4.24,33.2,5.02,0.0,High
2020,Argentina,South America,Coffee,24.2,1952.2,16,6.39,157.5,59.2,3.07,58.8,3.52,0.0,Moderate
2022,Nigeria,Sub-Saharan Africa,Soybeans,27.3,1372.6,25,,,58.0,3.94,72.5,4.05,0.0,High
2023,Australia,Oceania,Rice,23.9,562.0,39,6.97,140.1,40.5,3.2,64.1,5.28,4.96,Severe
2006,Kenya,Sub-Saharan Africa,Barley,27.8,1957.8,17,5.52,97.7,53.0,4.59,52.9,4.11,0.0,High
2018,Argentina,South America,Maize,25.7,1087.5,23,5.8,122.8,43.0,3.48,58.8,7.72,0.0,High
2020,Indonesia,Southeast Asia,Rice,30.2,1625.1,26,7.26,141.4,62.2,4.09,67.9,5.4,1.52,Severe
2017,France,Europe,Barley,16.4,575.2,14,,119.2,42.1,4.57,77.1,4.4,0.0,Moderate
2023,Canada,North America,Soybeans,23.4,627.7,25,6.44,134.1,80.3,2.19,77.3,3.49,0.0,High
2002,Canada,North America,Rice,13.7,930.7,2,5.47,165.6,65.8,3.64,66.7,3.81,9.35,Low
2018,Nigeria,Sub-Saharan Africa,Soybeans,28.6,1573.8,21,6.86,79.0,23.6,5.19,63.0,3.06,7.62,High
2007,Argentina,South America,Wheat,24.1,1266.4,20,8.21,195.8,25.4,3.17,50.4,4.39,2.38,High
2017,Australia,Oceania,Soybeans,16.4,550.7,22,6.64,129.2,68.6,2.46,61.7,3.76,0.0,High
2001,Brazil,South America,Maize,25.9,1082.6,12,6.43,95.5,30.6,2.23,51.5,7.96,0.0,High
2014,Canada,North America,Coffee,14.0,838.8,11,6.48,178.8,40.1,2.2,56.0,1.54,10.93,Moderate
2023,Argentina,South America,Coffee,23.8,1108.0,24,7.08,172.5,67.5,1.9,71.2,2.81,0.0,High
2003,Kenya,Sub-Saharan Africa,Wheat,26.0,1624.8,18,7.42,108.6,15.7,3.7,52.2,4.64,0.0,High
2018,Kenya,Sub-Saharan Africa,Wheat,30.0,778.6,23,,86.8,40.4,4.15,37.4,3.15,24.98,Severe
2018,Nigeria,Sub-Saharan Africa,Rice,28.5,901.5,25,5.68,51.7,59.8,2.2,52.7,5.21,4.8,High
2001,Nigeria,Sub-Saharan Africa,Rice,29.8,1135.9,13,6.83,115.8,53.4,4.14,37.8,5.78,0.0,Severe
2022,Indonesia,Southeast Asia,Barley,25.2,1887.4,28,6.7,122.8,38.6,3.33,74.3,4.19,0.0,High
2017,Argentina,South America,Maize,21.5,1071.5,20,7.13,121.8,44.4,3.66,58.4,7.15,2.27,High
2024,Brazil,South America,Rice,22.7,1931.7,26,6.58,91.8,57.1,5.02,61.9,6.14,0.0,High
2010,Argentina,South America,Rice,21.3,1855.2,25,6.79,180.9,35.0,2.88,58.6,5.9,0.0,High
2014,India,South Asia,Maize,28.3,1010.0,21,6.26,114.7,51.4,3.02,56.4,7.23,2.14,High
2005,Indonesia,Southeast Asia,Wheat,26.4,1396.7,20,6.44,80.5,47.0,3.55,56.8,5.05,0.0,High
2015,Indonesia,Southeast Asia,Maize,23.8,1334.6,31,6.81,99.1,43.6,4.54,61.3,6.85,7.6,Severe
2024,Australia,Oceania,Barley,25.3,655.6,29,6.18,,56.4,2.36,75.5,4.24,0.0,Severe
2014,Germany,Europe,Barley,14.7,702.2,15,5.91,195.8,73.3,2.65,60.4,4.74,0.0,Moderate
2022,France,Europe,Barley,17.8,783.9,16,7.06,180.9,64.1,3.35,69.7,5.13,0.0,Moderate
2013,India,South Asia,Soybeans,27.4,1036.4,29,6.82,67.6,57.5,5.08,51.0,3.73,0.0,Severe
2007,Indonesia,Southeast Asia,Maize,24.6,1068.7,19,6.67,76.1,48.7,5.46,52.5,7.51,0.0,High
2010,China,East Asia,Wheat,23.8,517.4,17,6.2,127.7,45.3,1.55,71.8,5.36,0.0,Moderate
2004,India,South Asia,Barley,28.0,1231.1,19,5.71,92.3,36.6,3.8,62.8,3.76,5.13,High
2011,United States,North America,Coffee,11.6,547.1,11,5.95,271.2,72.0,4.02,50.3,1.2,19.04,Moderate
2012,France,Europe,Soybeans,9.1,951.9,14,5.44,198.7,87.5,2.67,49.9,2.14,24.08,Moderate
2001,United States,North America,Rice,13.1,582.2,3,5.8,154.9,83.8,4.24,57.7,3.9,6.6,Low
2008,United States,North America,Coffee,11.9,551.1,10,6.08,149.6,59.1,2.95,49.9,0.53,24.11,Low
2018,Brazil,South America,Rice,20.5,1203.1,15,5.75,198.2,70.7,0.84,63.7,5.87,0.0,Moderate
2005,Argentina,South America,Barley,24.8,1691.2,16,6.24,118.5,37.1,3.7,49.8,4.83,0.0,Moderate
2001,Germany,Europe,Coffee,15.1,1136.7,11,6.56,175.2,57.0,4.18,42.5,2.66,0.0,Moderate
2014,Nigeria,Sub-Saharan Africa,Maize,24.2,1940.0,29,6.59,98.2,42.4,0.5,52.5,7.28,1.66,Severe
2007,Australia,Oceania,Coffee,26.2,951.8,20,7.79,145.7,38.5,3.39,71.2,2.64,0.0,High
2013,Germany,Europe,Wheat,14.5,527.8,16,6.25,134.7,42.5,3.03,44.4,4.01,7.33,Moderate
2015,Nigeria,Sub-Saharan Africa,Barley,27.3,1274.9,24,5.85,109.0,30.3,4.11,54.2,3.58,9.84,High
2024,Nigeria,Sub-Saharan Africa,Barley,29.6,1032.3,31,6.96,83.7,49.0,1.73,90.2,3.12,23.05,Severe
2000,China,East Asia,Rice,20.0,785.9,11,6.14,127.6,57.6,2.92,53.4,5.81,0.0,Moderate
2000,Australia,Oceania,Coffee,25.8,810.8,14,6.0,180.2,71.3,2.29,62.2,3.57,0.0,High
2006,Australia,Oceania,Wheat,17.7,978.3,17,5.15,161.9,43.1,3.5,60.6,4.28,3.13,Moderate
2010,Nigeria,Sub-Saharan Africa,Coffee,24.6,1041.0,31,6.98,103.0,23.6,3.2,76.0,2.27,0.0,Severe
2023,India,South Asia,Barley,30.5,1242.0,34,6.5,152.8,38.1,3.51,80.0,2.97,25.67,Severe
2002,Australia,Oceania,Coffee,20.8,662.3,18,5.91,,35.9,3.9,25.0,2.34,0.0,Moderate
2001,Argentina,South America,Coffee,20.0,1381.3,13,6.59,216.4,71.9,4.42,47.5,3.64,0.0,Moderate
2025,Kenya,Sub-Saharan Africa,Barley,25.5,1470.4,23,5.02,84.5,16.2,3.83,63.0,3.44,10.02,High
2014,United States,North America,Maize,11.6,1034.2,16,5.98,80.6,71.3,3.11,88.7,6.22,9.85,Moderate
2005,Argentina,South America,Barley,24.3,1327.3,16,6.99,139.7,38.6,2.13,63.8,4.5,0.0,Moderate
2019,Indonesia,Southeast Asia,Coffee,27.5,1444.4,27,6.83,82.6,24.7,3.84,65.4,1.98,5.84,High
2024,Kenya,Sub-Saharan Africa,Maize,25.8,995.9,22,5.13,60.1,48.7,4.16,55.2,6.77,6.06,High
2023,Argentina,South America,Rice,21.3,1557.4,29,5.95,95.4,53.1,3.11,76.0,4.95,8.73,Severe
2014,United States,North America,Wheat,12.3,1140.2,18,7.26,151.0,63.9,5.02,69.1,4.86,0.0,Moderate
2023,Germany,Europe,Wheat,12.7,1038.9,15,7.11,197.1,48.7,3.75,81.5,5.69,0.0,Moderate
2007,France,Europe,Rice,13.7,812.1,7,6.96,265.3,70.9,1.39,53.0,4.81,3.0,Low
2006,Argentina,South America,Rice,22.7,1397.7,22,6.73,132.3,51.0,3.29,76.0,5.95,0.0,High
2005,India,South Asia,Coffee,29.4,1266.0,16,7.71,54.7,45.5,2.3,73.9,1.98,4.1,High
2013,Australia,Oceania,Rice,17.0,619.7,16,6.27,137.9,43.0,1.07,75.2,4.67,6.72,Moderate
2004,United States,North America,Wheat,11.2,634.5,11,6.48,232.0,82.3,2.43,37.2,4.78,0.0,Moderate
2024,Kenya,Sub-Saharan Africa,Rice,30.6,224.3,25,5.92,121.6,62.3,2.06,86.1,5.11,6.63,Severe
2003,China,East Asia,Coffee,21.2,683.4,12,6.94,137.7,63.0,1.92,38.9,3.74,0.0,Moderate
2001,Canada,North America,Maize,11.1,1304.3,7,6.59,114.1,62.8,4.26,60.1,6.46,5.1,Low
2003,Germany,Europe,Rice,15.7,664.4,7,6.34,146.4,48.9,3.92,55.2,4.95,4.49,Low
2016,France,Europe,Rice,17.6,894.9,18,6.49,228.0,58.9,1.73,61.0,5.48,0.37,Moderate
2021,United States,North America,Barley,16.5,909.9,21,7.41,218.0,67.7,3.77,53.5,4.16,0.0,High
2003,Indonesia,Southeast Asia,Wheat,28.2,881.9,24,6.53,88.1,43.4,3.88,58.8,4.25,5.08,High
2020,Brazil,South America,Wheat,24.2,1314.6,30,6.69,132.1,34.9,4.12,51.6,4.24,7.16,Severe
2007,Nigeria,Sub-Saharan Africa,Coffee,25.1,1258.8,17,6.15,76.9,47.1,4.16,62.2,2.93,0.0,High
2001,United States,North America,Coffee,11.9,818.1,7,7.62,190.0,79.0,4.39,57.0,0.71,22.4,Low
2008,Nigeria,Sub-Saharan Africa,Barley,32.8,1131.6,37,5.45,63.8,53.7,2.43,50.6,1.23,80.05,Severe
2012,China,East Asia,Barley,18.6,741.8,18,5.61,158.9,33.8,1.62,56.2,4.52,0.0,Moderate
2008,Brazil,South America,Maize,22.0,1378.7,16,6.4,111.8,60.3,6.16,71.5,7.15,1.86,Moderate
2010,Kenya,Sub-Saharan Africa,Maize,25.3,1189.9,24,5.94,167.7,16.4,5.16,68.0,7.74,0.0,High
2002,Argentina,South America,Barley,21.1,1463.6,17,7.54,139.4,52.0,3.17,26.8,3.99,1.07,Moderate
2005,Canada,North America,Barley,14.9,588.5,13,6.39,213.7,66.0,2.28,52.7,5.1,0.0,Moderate
2016,Nigeria,Sub-Saharan Africa,Wheat,26.6,964.1,29,6.48,135.7,62.0,4.06,70.8,4.82,0.0,Severe
2008,Argentina,South America,Wheat,23.8,1407.4,20,6.68,,49.8,2.61,21.5,5.47,0.0,High
2001,United States,North America,Maize,13.2,668.5,3,5.6,150.5,80.8,4.33,44.6,6.68,2.58,Low
2013,Australia,Oceania,Wheat,22.6,589.3,34,7.49,151.4,,2.14,50.9,4.94,0.0,Severe
2006,Argentina,South America,Wheat,24.5,1701.9,18,6.09,196.1,57.3,2.42,29.2,5.73,0.0,Moderate
2009,Nigeria,Sub-Saharan Africa,Maize,24.2,1047.9,15,6.96,82.3,50.0,4.6,57.1,7.25,1.15,Moderate
2002,China,East Asia,Barley,14.4,708.1,9,6.43,148.4,46.6,3.35,47.4,5.42,0.0,Low
2008,Indonesia,Southeast Asia,Maize,24.8,1619.9,23,5.76,97.1,34.4,3.41,47.8,6.79,7.39,High
2009,France,Europe,Coffee,15.7,754.2,10,7.18,193.7,78.6,3.14,48.2,2.47,0.0,Low
2009,Australia,Oceania,Wheat,21.0,976.0,18,6.31,,59.9,2.63,47.9,5.03,0.0,Moderate
2006,Canada,North America,Soybeans,15.3,846.9,9,7.24,250.5,79.8,4.17,36.8,4.26,0.0,Low
2003,Canada,North America,Rice,15.2,880.3,8,,161.5,44.1,1.67,41.5,4.53,5.11,Low
2013,Germany,Europe,Coffee,9.4,763.8,7,6.76,101.2,67.1,2.37,67.2,0.4,21.39,Low
2003,Indonesia,Southeast Asia,Barley,27.9,1308.2,23,7.52,84.6,23.2,4.02,48.0,3.65,6.38,High
2012,Indonesia,Southeast Asia,Soybeans,23.3,1382.1,24,6.79,101.9,22.3,2.37,50.9,3.6,0.0,High
2025,Australia,Oceania,Wheat,22.9,530.9,45,6.07,,34.8,2.16,85.0,3.69,22.45,Severe
2006,Canada,North America,Maize,16.6,1164.5,18,6.23,154.6,45.0,3.52,40.5,7.26,1.33,Moderate
2013,Kenya,Sub-Saharan Africa,Wheat,24.0,1737.3,21,6.51,55.3,35.0,2.56,59.9,4.32,3.38,High
2000,Nigeria,Sub-Saharan Africa,Soybeans,23.3,1268.2,12,6.04,60.7,25.9,4.38,34.5,3.69,0.0,Moderate
2014,Nigeria,Sub-Saharan Africa,Wheat,22.2,1387.3,27,6.58,123.1,19.8,4.99,47.9,4.57,0.0,High
2012,Brazil,South America,Barley,26.4,1198.2,19,6.06,196.0,67.3,3.26,61.4,4.27,0.0,High
2001,Canada,North America,Wheat,16.8,1170.0,17,6.55,152.5,78.8,3.01,21.0,5.1,0.0,Moderate
2010,Australia,Oceania,Coffee,17.3,703.4,14,6.77,130.3,49.3,1.53,63.7,2.41,0.0,Moderate
2008,France,Europe,Maize,14.0,862.8,8,6.59,,75.2,2.83,49.9,6.88,2.67,Low
2024,Indonesia,Southeast Asia,Rice,29.6,1131.6,29,6.65,98.2,22.2,3.65,64.9,5.2,5.37,Severe
2000,Kenya,Sub-Saharan Africa,Wheat,31.4,1362.6,29,5.47,74.1,36.9,3.87,27.8,2.5,43.22,Severe
2013,Kenya,Sub-Saharan Africa,Barley,26.7,719.4,26,6.06,111.5,60.2,1.93,43.9,3.85,5.0,High
2005,India,South Asia,Wheat,26.8,1314.9,17,6.11,86.5,51.1,4.48,34.3,4.15,5.16,High
2015,Kenya,Sub-Saharan Africa,Rice,27.9,828.1,34,6.86,71.6,,2.96,72.9,4.8,12.04,Severe
2022,Argentina,South America,Soybeans,24.8,1352.6,22,5.8,177.3,39.3,3.68,70.1,4.81,0.0,High
2014,Argentina,South America,Soybeans,20.5,1283.0,14,5.7,178.7,54.7,1.36,45.6,4.42,0.0,Moderate
2002,India,South Asia,Coffee,22.4,1603.9,17,7.28,101.2,25.1,4.68,56.7,2.69,0.0,Moderate
2022,France,Europe,Rice,11.0,772.9,9,7.36,196.7,89.0,1.54,70.1,4.12,12.48,Low
2009,Brazil,South America,Rice,20.9,1198.3,19,6.27,150.9,51.5,4.46,51.7,5.47,0.51,High
2013,Nigeria,Sub-Saharan Africa,Rice,27.0,1006.1,26,,123.9,49.5,2.66,65.9,6.28,0.0,High
2016,Australia,Oceania,Coffee,17.3,414.0,13,6.26,225.9,68.7,3.47,67.1,2.65,0.0,Moderate
2016,Indonesia,Southeast Asia,Rice,31.8,1175.4,26,5.97,110.9,61.5,3.41,72.9,5.43,1.45,Severe
2017,Germany,Europe,Soybeans,11.8,800.6,17,4.8,120.2,49.1,3.66,49.8,2.15,24.8,Moderate
2012,Germany,Europe,Coffee,13.1,754.2,11,,202.4,87.4,3.95,45.4,1.72,9.93,Moderate
2005,Argentina,South America,Wheat,24.4,1284.3,23,6.86,143.5,57.7,1.81,47.0,4.69,0.0,High
2000,United States,North America,Soybeans,24.0,818.1,13,5.82,155.7,60.5,2.27,55.0,4.29,0.0,Moderate
2016,France,Europe,Barley,10.1,627.6,13,6.1,250.9,86.9,3.01,70.2,4.19,0.0,Moderate
2023,Indonesia,Southeast Asia,Wheat,27.1,1644.4,32,6.09,118.4,23.6,2.63,65.2,3.95,13.82,Severe
2001,India,South Asia,Rice,28.8,1510.8,15,6.86,86.4,20.5,3.25,28.4,5.14,3.33,High
2019,Nigeria,Sub-Saharan Africa,Wheat,26.0,1375.0,24,7.04,84.1,65.0,2.68,75.0,3.96,10.56,High
2015,Brazil,South America,Wheat,25.0,1761.4,18,6.18,135.3,28.9,5.44,69.4,4.8,0.0,Moderate
2024,Indonesia,Southeast Asia,Coffee,29.9,604.2,31,6.41,74.1,36.9,5.9,89.5,2.56,0.0,Severe
2010,Indonesia,Southeast Asia,Barley,23.3,868.6,18,6.56,85.7,39.6,2.99,69.1,4.68,0.0,Moderate
2011,Indonesia,Southeast Asia,Soybeans,26.9,1285.4,20,6.01,82.2,24.5,2.75,68.9,3.98,0.0,High
2015,Nigeria,Sub-Saharan Africa,Wheat,28.5,955.9,26,6.41,89.0,54.8,2.15,58.1,4.55,0.18,High
2025,France,Europe,Coffee,10.5,930.1,10,5.4,114.0,43.2,4.68,77.3,0.4,42.03,Low
2023,Australia,Oceania,Barley,21.6,641.3,36,6.96,177.1,79.4,3.64,62.4,4.59,0.0,Severe
2013,Australia,Oceania,Wheat,25.2,927.1,28,6.64,129.8,57.4,2.29,41.2,4.26,6.23,High
2020,United States,North America,Wheat,15.1,1127.5,17,5.91,218.7,62.5,2.09,52.0,4.52,0.58,Moderate
2009,Indonesia,Southeast Asia,Maize,26.0,1658.6,22,5.79,122.2,63.1,2.65,56.9,7.34,0.81,High
2009,Kenya,Sub-Saharan Africa,Maize,26.9,1213.3,21,6.43,86.0,52.1,4.91,51.6,6.57,7.07,High
2001,Kenya,Sub-Saharan Africa,Barley,26.8,1186.9,18,7.49,117.3,30.9,4.25,39.8,3.45,10.09,High
2020,Kenya,Sub-Saharan Africa,Maize,27.6,1334.7,29,7.07,119.1,62.5,1.36,70.6,7.26,2.11,Severe
2016,China,East Asia,Barley,16.0,634.2,15,5.51,171.2,37.3,2.94,57.5,3.92,2.45,Moderate
2025,Germany,Europe,Soybeans,7.4,1016.6,18,6.49,163.7,72.0,5.85,62.0,1.49,38.08,Moderate
2006,Australia,Oceania,Rice,26.0,596.7,25,6.98,162.2,40.9,1.33,79.4,6.07,0.0,High
2009,China,East Asia,Rice,25.3,716.7,16,,55.5,42.3,1.07,62.9,5.11,4.21,High
2020,Australia,Oceania,Soybeans,26.3,574.1,24,6.22,75.2,43.3,2.5,76.2,3.62,0.0,High
2013,Brazil,South America,Wheat,27.4,1474.9,25,7.35,105.4,64.4,1.64,52.9,3.5,16.63,High
2022,Kenya,Sub-Saharan Africa,Coffee,27.8,1246.3,20,,97.5,52.5,3.52,92.6,3.2,0.0,High
2009,China,East Asia,Coffee,22.1,832.9,10,6.77,107.6,58.2,3.11,63.1,3.14,0.0,Low
2007,Argentina,South America,Maize,22.1,1161.1,18,5.54,146.3,35.9,4.4,61.3,7.65,0.0,Moderate
2022,India,South Asia,Soybeans,28.5,935.2,27,6.9,87.3,25.2,5.08,63.4,3.71,0.0,High
2018,India,South Asia,Rice,30.2,1489.6,22,6.3,129.3,37.4,2.31,72.9,5.46,0.87,Severe
2002,China,East Asia,Coffee,17.9,483.1,9,5.47,91.4,41.2,3.56,46.4,2.68,0.0,Low
2024,Argentina,South America,Barley,25.2,971.2,24,6.76,,59.2,2.77,85.5,3.88,3.19,High
2006,India,South Asia,Rice,26.4,1164.7,18,6.04,38.5,41.0,2.39,62.0,4.91,6.17,High
2003,Brazil,South America,Wheat,19.4,1270.1,16,6.04,150.8,71.4,3.62,56.1,5.23,0.0,Moderate
2020,Australia,Oceania,Coffee,20.7,431.4,18,6.5,170.0,35.3,4.14,68.2,3.21,0.0,Moderate
2010,Brazil,South America,Coffee,25.1,1276.4,22,6.44,202.1,51.2,4.69,47.3,3.44,0.0,High
2000,Canada,North America,Maize,11.0,703.6,7,5.92,199.3,58.5,5.03,49.0,5.89,4.84,Low
2004,Nigeria,Sub-Saharan Africa,Maize,28.6,777.6,21,6.57,130.7,40.6,3.45,47.7,7.37,0.55,High
2013,Canada,North America,Wheat,14.7,499.3,12,6.92,188.6,55.2,5.46,59.7,5.36,0.0,Moderate
2024,India,South Asia,Coffee,27.8,1310.8,36,6.16,97.1,41.1,2.11,84.7,2.71,0.0,Severe
2011,Canada,North America,Barley,13.7,841.7,12,6.38,102.9,56.5,2.61,61.7,5.35,0.0,Moderate
2001,Brazil,South America,Wheat,24.6,1418.2,9,7.07,93.6,30.9,1.95,54.6,4.57,0.0,Low
2005,Germany,Europe,Wheat,13.5,849.5,7,5.54,137.7,69.1,4.36,42.1,4.73,0.0,Low
2005,France,Europe,Maize,12.4,608.0,5,6.03,200.8,67.4,3.31,41.0,6.55,4.08,Low
2011,Nigeria,Sub-Saharan Africa,Wheat,27.6,1135.3,33,5.71,102.4,50.0,0.6,44.9,3.99,13.17,Severe
2015,China,East Asia,Soybeans,19.5,363.7,30,6.0,123.5,37.1,2.96,49.3,3.37,2.98,Severe
2019,Indonesia,Southeast Asia,Soybeans,26.1,1376.3,26,6.12,144.1,41.2,4.58,52.2,3.74,0.0,High
2021,Nigeria,Sub-Saharan Africa,Barley,27.0,524.1,21,7.48,117.2,44.2,5.68,63.3,4.02,0.98,High
2013,Indonesia,Southeast Asia,Rice,25.6,1229.5,18,5.8,77.1,53.8,2.7,42.3,5.62,0.0,High
2022,Germany,Europe,Wheat,14.5,819.0,20,7.28,258.6,57.7,3.87,66.1,4.68,0.0,High
2024,Argentina,South America,Coffee,24.1,1595.1,25,5.55,182.8,39.3,2.24,58.4,3.12,0.0,High
2018,Canada,North America,Maize,19.2,898.1,15,5.94,160.1,75.4,3.84,79.5,7.76,0.0,Moderate
2018,Australia,Oceania,Rice,23.1,543.3,25,6.45,142.6,77.6,2.51,77.7,6.29,0.0,High
2014,Germany,Europe,Barley,10.3,1339.4,15,6.29,196.5,77.7,4.38,65.1,4.04,0.6,Moderate
2008,Nigeria,Sub-Saharan Africa,Maize,26.4,714.6,23,,128.4,48.3,3.43,35.7,6.48,10.66,High
2007,India,South Asia,Maize,26.0,883.0,19,7.19,132.5,35.6,1.38,64.7,7.69,0.0,High
2008,France,Europe,Coffee,11.7,811.9,10,5.51,210.4,,2.99,43.9,0.93,16.67,Low
2014,France,Europe,Soybeans,9.8,1075.8,7,6.65,176.1,50.9,2.28,44.7,2.57,8.06,Low
2006,Indonesia,Southeast Asia,Barley,23.2,2067.5,20,,70.9,49.2,0.56,61.4,5.06,0.0,High
2022,France,Europe,Barley,12.6,1037.0,14,7.37,175.8,64.5,2.94,78.9,4.02,0.82,Moderate
2001,France,Europe,Barley,11.5,794.8,9,7.44,134.5,44.3,4.1,45.3,4.3,0.0,Low
2003,Kenya,Sub-Saharan Africa,Coffee,22.7,987.6,10,7.16,61.5,34.0,3.07,38.1,2.13,0.65,Low
2022,Brazil,South America,Coffee,25.7,1497.9,20,6.62,68.1,66.5,1.84,79.4,2.29,0.0,High
2019,Germany,Europe,Soybeans,10.6,490.5,11,5.71,119.5,86.0,0.89,71.8,2.17,18.24,Moderate
2010,Indonesia,Southeast Asia,Barley,29.5,877.8,27,7.29,62.4,57.1,2.25,54.3,3.41,15.56,Severe
2024,Nigeria,Sub-Saharan Africa,Barley,28.6,1719.3,47,7.68,134.7,39.0,4.66,81.3,3.46,18.32,Severe
2005,Brazil,South America,Maize,21.6,1398.2,27,6.09,140.6,52.2,4.24,61.3,7.96,0.0,High
2016,Nigeria,Sub-Saharan Africa,Wheat,23.0,2084.2,19,6.18,129.1,37.6,2.52,67.1,5.24,0.0,High
2015,Brazil,South America,Barley,27.6,1623.6,27,6.37,106.4,46.7,3.35,63.6,3.64,7.59,High
2005,Australia,Oceania,Barley,18.7,439.7,15,6.23,157.8,72.7,1.98,63.0,5.06,0.0,Moderate
2001,Australia,Oceania,Soybeans,21.1,722.8,12,7.09,101.1,53.5,2.28,45.7,4.25,0.0,Moderate
2005,Brazil,South America,Coffee,22.0,1196.0,11,7.41,157.9,29.9,3.83,41.2,2.95,0.0,Moderate
2005,Kenya,Sub-Saharan Africa,Maize,23.8,1779.6,9,7.6,119.2,59.1,1.71,24.0,8.02,0.0,Low
2014,Australia,Oceania,Soybeans,25.9,1067.8,28,6.21,117.1,53.9,5.3,55.7,4.12,0.0,High
2016,India,South Asia,Rice,28.4,1576.4,24,5.79,61.4,57.2,1.99,74.2,5.37,2.36,High
2016,United States,North America,Barley,16.8,1123.7,14,7.55,194.6,66.7,2.08,67.0,4.89,0.0,Moderate
2007,Nigeria,Sub-Saharan Africa,Rice,27.0,650.0,23,5.82,73.4,49.1,3.98,56.0,5.1,5.02,High
2013,India,South Asia,Wheat,23.8,898.4,26,6.83,76.9,32.5,4.44,50.5,4.12,6.53,High
2003,Nigeria,Sub-Saharan Africa,Maize,26.7,1191.3,18,5.94,91.5,17.3,2.23,54.1,6.71,5.03,High
2025,Kenya,Sub-Saharan Africa,Wheat,25.1,1092.4,28,6.52,114.2,23.2,3.63,78.5,4.01,11.39,High
2024,United States,North America,Maize,12.1,852.1,18,6.64,193.3,51.9,3.39,68.9,6.4,9.06,Moderate
2003,Nigeria,Sub-Saharan Africa,Rice,26.4,420.0,15,6.64,98.7,48.1,2.34,47.6,6.16,0.0,High
2003,China,East Asia,Wheat,13.1,637.7,6,6.13,113.8,30.2,2.96,47.5,5.1,0.0,Low
2016,Canada,North America,Soybeans,13.3,816.6,17,6.6,165.0,85.5,3.48,64.5,3.88,0.0,Moderate
2022,France,Europe,Coffee,15.8,760.1,22,,145.2,57.8,2.86,64.7,1.93,8.74,High
2015,India,South Asia,Rice,26.8,928.9,30,7.91,84.0,40.5,0.5,57.2,4.97,9.83,Severe
2012,Germany,Europe,Rice,8.6,892.9,12,6.46,136.4,40.7,2.7,43.5,2.29,27.45,Moderate
2013,Nigeria,Sub-Saharan Africa,Wheat,28.0,939.8,26,6.45,85.1,32.3,0.79,77.0,3.08,26.99,High
2023,China,East Asia,Wheat,16.6,711.5,23,8.12,149.7,31.1,3.09,83.9,4.39,2.89,High
2021,India,South Asia,Soybeans,32.4,1451.8,32,6.9,88.9,38.3,3.36,83.5,1.95,46.56,Severe
2011,Nigeria,Sub-Saharan Africa,Soybeans,22.3,1251.7,25,6.59,87.5,44.1,1.5,44.7,3.84,0.0,High
2022,Nigeria,Sub-Saharan Africa,Barley,28.2,1667.3,31,5.95,127.8,62.0,2.54,78.7,3.83,5.72,Severe
2017,India,South Asia,Maize,25.2,449.0,24,6.61,66.0,63.0,3.66,56.8,7.11,3.25,High
2016,Germany,Europe,Barley,21.1,633.3,29,6.22,167.4,63.1,1.79,53.9,4.4,0.0,Severe
2017,Australia,Oceania,Soybeans,23.6,568.0,17,6.62,116.3,49.8,2.17,57.2,3.98,0.0,Moderate
2017,Germany,Europe,Wheat,10.9,779.0,13,6.19,220.7,57.3,3.91,63.3,4.93,0.0,Moderate
2019,Brazil,South America,Wheat,19.8,1406.0,11,5.97,139.4,38.2,3.03,47.8,4.7,0.0,Moderate
2000,United States,North America,Barley,11.3,698.3,2,,255.2,85.3,3.31,47.3,3.79,2.21,Low
2008,Canada,North America,Rice,14.4,872.1,11,6.47,199.5,,4.8,38.3,5.24,2.25,Moderate
2009,India,South Asia,Soybeans,30.5,1278.6,30,5.84,109.6,62.6,5.8,48.0,2.43,25.48,Severe
2013,Argentina,South America,Barley,24.3,1898.1,21,7.24,101.0,52.7,1.56,35.5,3.93,2.68,High
2000,Australia,Oceania,Maize,16.5,651.7,11,6.47,130.6,32.1,1.96,20.3,7.46,0.0,Moderate
2020,France,Europe,Maize,15.0,729.6,18,6.93,169.4,45.5,3.97,69.9,6.35,8.82,Moderate
2018,Australia,Oceania,Wheat,18.1,722.1,14,6.81,85.3,74.1,0.5,47.6,4.66,0.0,Moderate
2006,Australia,Oceania,Maize,26.6,745.1,15,6.7,,39.4,2.26,46.2,7.67,0.0,High
2012,Kenya,Sub-Saharan Africa,Maize,25.2,875.7,21,6.82,98.5,61.1,4.3,58.5,7.34,0.8,High
2016,Germany,Europe,Wheat,10.8,579.9,14,6.44,120.7,70.0,1.9,82.9,4.7,0.0,Moderate
2004,Nigeria,Sub-Saharan Africa,Rice,29.7,1494.5,17,5.99,119.7,43.9,3.36,56.7,6.11,0.0,Severe
2001,Kenya,Sub-Saharan Africa,Rice,28.7,865.5,25,5.83,93.6,,3.72,50.9,4.56,14.36,High
2007,Canada,North America,Rice,12.5,460.8,19,6.72,179.7,89.4,4.0,41.0,3.89,20.89,High
2002,Germany,Europe,Wheat,9.0,942.3,3,8.07,228.3,86.1,4.54,66.9,4.26,1.1,Low
2010,Germany,Europe,Wheat,21.5,602.6,15,6.54,175.2,77.9,4.3,30.6,5.68,0.0,Moderate
2018,China,East Asia,Wheat,19.0,766.1,19,7.37,121.2,42.2,4.57,72.0,4.72,0.0,High
2015,China,East Asia,Soybeans,21.2,753.7,20,6.33,179.2,40.2,1.72,66.5,3.52,0.0,High
2007,Argentina,South America,Wheat,21.2,1456.9,11,5.56,189.9,35.9,2.27,59.7,5.11,0.0,Moderate
2017,Nigeria,Sub-Saharan Africa,Rice,27.4,1144.2,25,7.62,46.9,42.0,2.31,74.2,4.47,15.27,High
2008,India,South Asia,Maize,24.1,1043.7,19,6.25,65.8,38.9,4.67,66.1,7.96,0.0,High
2002,United States,North America,Wheat,15.4,833.7,10,7.44,138.6,58.1,3.01,30.1,4.68,0.0,Low
2001,Germany,Europe,Soybeans,14.0,800.8,7,6.58,144.1,86.0,1.65,39.5,3.73,0.0,Low
2011,Canada,North America,Coffee,15.9,669.6,21,7.82,220.4,74.3,4.42,42.4,1.83,8.99,High
2015,Brazil,South America,Barley,26.1,2033.4,30,6.63,181.1,65.1,4.2,45.3,4.02,1.3,Severe
2022,China,East Asia,Rice,21.3,706.5,23,5.86,107.1,37.8,3.35,79.9,5.67,0.0,High
2003,Germany,Europe,Wheat,17.1,692.6,6,6.75,185.5,58.6,3.65,43.4,5.7,0.0,Low
2005,Kenya,Sub-Saharan Africa,Coffee,28.2,983.9,19,6.68,99.8,30.0,1.96,63.7,3.09,0.0,High
2012,Canada,North America,Coffee,14.1,457.9,8,5.35,196.4,66.8,2.39,66.3,1.43,11.31,Low
2025,Brazil,South America,Barley,22.6,1750.5,23,6.24,162.1,41.3,2.5,85.9,4.59,0.0,High
2005,Kenya,Sub-Saharan Africa,Barley,24.0,1396.3,16,6.01,111.0,60.9,4.41,49.4,4.36,0.0,Moderate
2012,Kenya,Sub-Saharan Africa,Rice,26.6,907.2,13,7.78,109.2,20.6,4.2,66.1,5.52,0.0,High
2017,Indonesia,Southeast Asia,Maize,30.5,1420.1,30,5.96,131.1,45.3,3.7,80.8,6.44,12.0,Severe
2001,Nigeria,Sub-Saharan Africa,Coffee,28.9,1972.0,12,7.25,109.2,61.1,3.25,33.4,3.26,0.0,High
2016,Kenya,Sub-Saharan Africa,Wheat,27.5,870.9,26,5.88,66.3,45.0,3.01,71.7,3.62,17.15,High
2022,Indonesia,Southeast Asia,Coffee,26.4,942.2,27,6.01,94.5,26.5,3.37,61.1,3.09,0.0,High
2020,France,Europe,Rice,10.8,643.6,24,7.03,135.0,42.1,5.08,71.6,2.95,38.98,High
2023,Australia,Oceania,Soybeans,24.3,513.0,30,6.36,155.2,48.1,2.49,53.7,3.62,0.0,Severe
2017,China,East Asia,Rice,17.9,767.1,16,7.09,119.8,45.8,1.2,50.3,4.75,9.44,Moderate
2023,Argentina,South America,Wheat,24.2,1593.8,20,6.58,99.6,40.1,4.44,81.3,4.74,0.0,High
2012,Australia,Oceania,Wheat,21.1,783.1,14,6.8,176.0,54.2,3.29,65.9,5.73,0.0,Moderate
2009,China,East Asia,Coffee,21.8,710.0,17,7.43,113.9,34.1,4.33,47.3,2.63,0.0,Moderate
2005,Brazil,South America,Coffee,27.6,1228.9,20,7.07,145.0,33.0,2.78,51.6,2.7,0.0,High
2010,Australia,Oceania,Soybeans,21.3,402.2,20,7.18,57.4,52.0,3.28,51.2,3.2,6.17,High
2017,United States,North America,Rice,12.1,771.1,17,6.47,164.5,64.5,2.91,88.1,3.92,17.0,Moderate
2008,India,South Asia,Rice,28.9,996.9,16,7.69,70.4,,1.85,50.9,5.38,1.24,High
2008,Canada,North America,Rice,18.9,795.2,12,6.76,253.6,88.8,3.24,65.6,5.67,0.0,Moderate
2004,Australia,Oceania,Soybeans,22.8,150.0,17,6.75,116.9,61.5,0.71,30.7,4.21,0.0,Severe
2023,China,East Asia,Coffee,20.9,502.0,22,5.84,118.8,39.1,4.44,75.1,2.29,0.0,High
2025,India,South Asia,Rice,25.1,777.1,36,6.19,112.5,26.4,3.56,59.4,4.77,13.31,Severe
2007,Canada,North America,Soybeans,14.0,869.7,8,5.43,195.8,73.7,3.48,42.1,4.06,0.0,Low
2025,India,South Asia,Maize,26.5,1003.0,36,7.76,109.9,22.8,2.14,101.2,6.11,18.33,Severe
2002,Brazil,South America,Maize,23.2,1742.5,25,5.68,155.5,50.5,3.8,51.9,6.94,5.69,High
2009,Indonesia,Southeast Asia,Barley,25.2,1365.8,28,6.55,107.7,32.0,5.49,50.4,4.23,0.0,High
2015,Australia,Oceania,Coffee,16.7,858.2,21,7.27,150.3,58.7,2.4,57.3,2.46,0.0,High
2003,Canada,North America,Rice,15.6,955.0,11,7.37,173.7,57.2,3.86,43.2,4.83,4.26,Moderate
2008,Nigeria,Sub-Saharan Africa,Soybeans,27.9,1009.1,25,6.24,107.1,52.5,1.05,57.1,4.43,0.0,High
2025,Brazil,South America,Maize,25.9,1741.8,37,5.76,139.8,29.3,3.27,65.6,6.91,7.22,Severe
2013,Kenya,Sub-Saharan Africa,Soybeans,24.0,1777.7,18,7.55,43.3,45.3,3.37,63.4,3.56,0.0,Moderate
2002,Indonesia,Southeast Asia,Maize,24.0,1251.0,14,7.77,76.1,59.8,4.45,53.3,6.75,5.78,Moderate
2024,Nigeria,Sub-Saharan Africa,Coffee,27.6,1393.5,38,6.47,80.9,55.6,2.21,69.3,2.68,0.0,Severe
2023,Kenya,Sub-Saharan Africa,Soybeans,22.5,1644.0,28,6.38,44.6,46.8,2.58,72.8,3.58,0.0,High
2002,Indonesia,Southeast Asia,Barley,24.2,1371.7,21,6.46,138.6,45.8,3.18,33.4,4.65,0.0,High
2020,Kenya,Sub-Saharan Africa,Wheat,25.3,1896.2,23,7.27,133.9,,0.5,83.3,4.98,0.0,High
2013,Nigeria,Sub-Saharan Africa,Rice,28.4,1476.6,26,6.53,76.0,42.0,5.51,67.5,6.01,0.0,High
2003,China,East Asia,Coffee,24.1,534.5,12,6.12,127.4,62.4,3.42,67.7,3.1,0.0,Moderate
2024,Kenya,Sub-Saharan Africa,Wheat,30.1,1278.7,24,6.28,67.8,28.0,3.16,77.3,3.34,17.54,Severe
2002,Indonesia,Southeast Asia,Coffee,27.0,1065.9,19,6.11,93.2,15.0,4.33,49.2,2.83,0.0,High
2015,Indonesia,Southeast Asia,Maize,26.4,1746.4,25,6.94,90.2,26.6,3.68,75.7,6.84,6.04,High
2008,Germany,Europe,Soybeans,15.4,1192.8,13,6.07,221.0,52.4,4.77,54.1,4.1,0.0,Moderate
2019,India,South Asia,Maize,22.6,1350.1,34,7.21,119.6,48.9,3.74,57.6,6.86,8.37,Severe
2006,Nigeria,Sub-Saharan Africa,Soybeans,28.6,1743.2,24,6.05,147.2,43.5,4.88,54.8,3.75,0.0,High
2002,Canada,North America,Rice,8.0,986.3,2,6.01,156.6,73.3,2.52,56.5,2.48,17.63,Low
2013,Indonesia,Southeast Asia,Maize,26.4,682.0,17,6.51,78.7,22.2,3.72,73.6,6.34,7.44,High
2022,Indonesia,Southeast Asia,Maize,30.3,1043.8,31,5.03,108.4,46.2,2.93,67.5,5.68,21.75,Severe
2012,Argentina,South America,Barley,20.7,1255.4,18,7.05,144.3,46.3,3.21,71.2,4.32,0.0,Moderate
2014,Argentina,South America,Coffee,21.6,1471.4,22,6.69,202.7,34.2,3.48,59.0,2.77,0.0,High
2019,India,South Asia,Coffee,24.2,1482.3,18,6.6,73.6,22.7,3.05,58.0,2.32,0.0,Moderate
2011,France,Europe,Maize,14.1,823.1,13,7.26,177.8,76.5,3.96,59.4,6.54,6.79,Moderate
2000,France,Europe,Wheat,12.2,940.9,6,6.96,238.7,45.5,3.2,53.0,5.15,0.0,Low
2001,Germany,Europe,Barley,19.1,657.8,12,6.7,186.4,77.5,3.4,49.1,5.31,0.0,Moderate
2011,Indonesia,Southeast Asia,Coffee,25.8,1414.0,28,5.64,72.4,28.9,3.15,59.1,2.7,0.0,High
2024,Australia,Oceania,Maize,26.1,844.1,24,6.38,128.9,48.6,5.29,74.6,6.97,4.3,High
2024,Kenya,Sub-Saharan Africa,Coffee,29.3,1408.8,24,6.73,51.0,45.8,3.13,97.2,2.15,0.34,High
2025,Germany,Europe,Rice,14.9,653.9,21,6.04,211.3,57.5,3.55,92.1,4.48,13.2,High
2011,Australia,Oceania,Wheat,21.1,738.8,19,6.44,117.3,38.1,0.94,56.1,4.76,0.0,High
2005,United States,North America,Coffee,11.6,729.0,7,7.01,138.0,54.5,2.34,64.0,0.48,33.72,Low
2019,United States,North America,Wheat,17.5,693.2,22,6.47,226.6,64.4,4.05,59.7,5.39,0.0,High
2012,Germany,Europe,Rice,12.8,708.8,18,7.14,165.8,69.9,4.4,70.1,3.82,21.78,Moderate
2013,Indonesia,Southeast Asia,Maize,26.7,878.2,27,6.66,115.1,18.7,4.7,47.7,6.81,7.59,High
2003,Brazil,South America,Barley,20.2,1304.7,13,7.44,156.9,33.6,1.48,52.2,4.2,0.0,Moderate
2003,Nigeria,Sub-Saharan Africa,Rice,24.5,1214.7,31,5.84,91.5,31.9,3.19,25.3,4.49,14.86,Severe
2006,India,South Asia,Soybeans,28.1,1059.8,16,7.11,82.7,58.2,2.93,30.8,3.39,1.65,High
2010,Canada,North America,Barley,15.0,558.8,14,5.56,,72.4,3.81,66.7,4.1,0.0,Moderate
2018,Argentina,South America,Rice,22.7,1686.4,30,7.3,100.4,64.9,3.13,93.0,5.82,0.0,Severe
2017,France,Europe,Barley,13.7,622.8,9,6.42,160.7,73.8,2.35,66.3,4.65,0.0,Low
2022,Australia,Oceania,Maize,22.0,389.8,21,5.87,158.5,39.5,3.85,53.5,7.54,0.0,Severe
2005,Brazil,South America,Rice,23.8,1068.6,16,7.04,154.7,68.3,3.33,41.0,6.33,0.0,Moderate
2019,Canada,North America,Maize,16.5,893.6,15,6.0,218.5,62.7,3.01,83.6,7.72,0.0,Moderate
2024,Nigeria,Sub-Saharan Africa,Coffee,23.4,1077.4,29,6.28,127.5,28.0,3.84,60.3,2.75,0.0,Severe
2000,Canada,North America,Wheat,10.3,971.8,2,,140.9,84.4,4.03,39.8,4.59,0.0,Low
2022,Indonesia,Southeast Asia,Wheat,28.3,867.5,23,7.34,67.9,35.0,2.66,84.5,4.24,4.49,High
2016,Canada,North America,Coffee,8.8,690.8,16,6.1,122.2,67.9,2.08,80.0,0.4,50.69,Moderate
2007,France,Europe,Soybeans,12.7,853.1,11,6.31,220.1,64.7,3.51,64.4,3.7,0.0,Moderate
2023,Kenya,Sub-Saharan Africa,Barley,28.9,849.6,24,6.67,83.4,18.7,3.48,82.3,4.26,0.0,High
2006,India,South Asia,Maize,25.9,1309.4,16,7.68,119.8,26.7,3.48,51.6,7.01,3.48,High
2023,Canada,North America,Rice,20.0,568.0,14,6.9,186.1,64.2,2.64,58.8,5.22,2.71,Moderate
2012,Kenya,Sub-Saharan Africa,Coffee,29.4,1414.1,26,6.6,124.6,39.5,6.49,73.4,3.23,0.0,High
2006,Kenya,Sub-Saharan Africa,Coffee,25.3,1753.3,21,5.65,127.0,59.4,3.7,49.4,2.83,0.0,High
2019,Canada,North America,Maize,13.0,1130.7,13,6.18,179.0,76.1,4.6,82.5,6.99,3.53,Moderate
2017,Nigeria,Sub-Saharan Africa,Soybeans,27.4,696.9,20,6.1,73.9,25.7,1.52,92.0,3.28,3.56,High
2021,Nigeria,Sub-Saharan Africa,Barley,25.2,1537.6,33,6.99,65.8,63.0,3.38,71.9,4.09,0.0,Severe
2001,Kenya,Sub-Saharan Africa,Maize,27.4,1555.6,20,6.28,,28.0,3.4,60.9,7.35,0.67,High
2008,India,South Asia,Maize,28.5,1159.6,16,6.07,106.9,58.9,4.51,49.6,6.91,3.98,High
2006,India,South Asia,Coffee,28.0,1649.1,19,5.41,71.2,37.4,4.6,25.2,3.12,0.0,High
2009,India,South Asia,Soybeans,29.2,1482.3,30,6.64,42.4,35.9,3.8,48.8,3.06,11.43,Severe
2013,Germany,Europe,Coffee,16.2,677.6,16,5.53,220.1,66.0,3.09,39.6,1.51,15.04,Moderate
2007,Nigeria,Sub-Saharan Africa,Coffee,26.2,1013.2,20,6.2,109.8,24.5,3.74,65.6,2.76,0.0,High
2011,Indonesia,Southeast Asia,Wheat,25.1,1849.5,27,6.79,62.5,17.9,4.17,72.4,4.53,0.6,High
2004,Canada,North America,Coffee,11.5,933.1,3,6.37,159.1,53.7,2.84,61.7,0.99,18.03,Low
2019,India,South Asia,Soybeans,29.1,1388.2,19,7.1,65.9,18.1,3.74,59.3,3.44,0.69,High
2019,Germany,Europe,Maize,15.7,336.8,19,7.25,230.6,46.5,2.83,46.4,7.1,3.36,Severe
2004,Nigeria,Sub-Saharan Africa,Rice,25.1,1434.9,17,6.9,97.7,40.2,3.45,37.2,4.99,6.61,High
2020,Canada,North America,Barley,14.0,925.0,11,6.73,153.0,85.3,2.8,64.6,4.02,0.57,Moderate
2017,Brazil,South America,Soybeans,26.0,1604.6,21,6.25,182.7,68.7,2.89,57.8,4.53,0.0,High
2009,Argentina,South America,Soybeans,22.7,1519.2,18,5.87,132.3,63.2,2.34,50.0,3.8,0.0,Moderate
2018,Brazil,South America,Soybeans,23.0,1339.5,20,6.39,197.6,54.4,3.02,55.2,4.78,0.0,High
2007,Argentina,South America,Barley,23.2,1068.2,25,6.54,192.4,56.2,0.76,27.5,4.6,0.0,High
2004,Brazil,South America,Rice,25.4,1284.0,14,6.86,126.7,49.5,1.2,53.8,6.15,0.0,High
2025,United States,North America,Rice,16.8,1056.8,21,6.31,,68.4,2.2,85.0,5.39,1.75,High
2020,United States,North America,Maize,14.9,808.3,14,6.79,227.0,67.1,2.93,63.6,6.92,3.99,Moderate
2008,Canada,North America,Wheat,11.5,981.0,7,6.39,298.5,87.2,3.83,47.6,5.27,0.0,Low
2019,Argentina,South America,Wheat,26.4,452.3,24,7.7,141.1,60.3,3.86,83.6,4.71,0.0,High
2019,United States,North America,Barley,8.8,678.8,9,7.22,240.1,88.8,4.6,65.9,3.38,4.99,Low
2015,China,East Asia,Rice,24.0,617.4,19,7.35,132.0,,3.05,61.7,5.77,0.0,High
2012,Germany,Europe,Maize,16.5,796.0,15,7.33,167.9,80.5,4.12,48.8,6.59,6.47,Moderate
2020,India,South Asia,Maize,23.8,507.1,22,6.63,76.4,51.7,4.18,79.4,6.85,5.16,High
2010,Germany,Europe,Barley,13.8,821.1,11,7.0,127.2,73.5,4.08,81.6,4.28,0.0,Moderate
2007,Canada,North America,Maize,11.6,708.9,8,5.78,164.9,75.8,2.74,34.4,6.94,3.25,Low
2008,France,Europe,Wheat,6.7,735.8,6,7.14,174.4,84.8,3.9,74.1,3.35,7.12,Low
2010,Australia,Oceania,Maize,27.0,835.0,38,6.28,64.2,,3.54,55.3,6.44,14.27,Severe
2016,Nigeria,Sub-Saharan Africa,Soybeans,25.2,1029.4,23,7.49,70.2,22.3,4.56,68.4,3.49,0.0,High
2001,Brazil,South America,Coffee,22.6,1152.4,10,7.03,137.4,72.2,1.82,39.8,3.35,0.0,Low
2013,Germany,Europe,Wheat,12.3,946.0,14,6.29,192.6,53.9,2.55,41.1,4.74,0.0,Moderate
2025,United States,North America,Barley,9.5,747.1,20,5.95,204.8,72.6,3.56,76.3,4.22,0.0,High
2000,Germany,Europe,Wheat,18.6,1020.3,6,6.11,204.4,66.2,2.73,55.3,5.6,0.0,Low
2001,France,Europe,Rice,11.8,770.0,4,6.82,147.8,63.2,3.69,69.5,3.48,7.97,Low
2019,Kenya,Sub-Saharan Africa,Soybeans,29.4,1850.5,30,6.74,123.9,19.7,3.79,74.0,2.96,15.1,Severe
2009,Germany,Europe,Coffee,10.2,1151.7,15,6.76,190.8,50.2,4.31,60.1,0.43,45.27,Moderate
2005,Australia,Oceania,Wheat,14.9,502.2,15,6.9,108.2,46.3,1.44,57.6,4.56,0.0,Moderate
2012,India,South Asia,Maize,27.3,1496.0,22,7.1,60.2,31.4,2.07,43.9,6.24,12.57,High
2021,United States,North America,Rice,14.0,885.3,20,5.7,171.8,87.9,2.2,89.2,4.35,13.14,High
2018,Indonesia,Southeast Asia,Coffee,27.5,1462.9,27,6.32,127.2,,0.76,72.3,3.18,0.0,High
2014,China,East Asia,Rice,16.7,992.2,20,5.81,118.6,38.2,3.66,48.3,4.09,14.74,High
2019,China,East Asia,Wheat,24.3,682.6,27,6.4,131.7,,3.11,66.9,4.65,0.0,High
2002,United States,North America,Rice,14.2,973.9,13,6.63,124.3,58.3,4.91,46.7,4.12,11.22,Moderate
2024,Brazil,South America,Coffee,21.3,1256.6,27,6.54,131.9,45.2,4.31,47.6,3.27,0.0,High
2006,France,Europe,Soybeans,15.4,744.8,14,5.77,188.1,69.4,2.25,45.3,3.35,2.01,Moderate
2020,United States,North America,Rice,15.2,972.1,18,5.79,203.4,79.5,3.77,55.0,5.2,3.17,Moderate
2002,France,Europe,Soybeans,12.1,1266.3,6,6.32,206.5,76.8,2.55,56.9,3.73,0.0,Low
2025,Germany,Europe,Coffee,19.9,841.4,25,6.46,138.9,49.7,0.99,103.0,3.15,0.0,High
2020,China,East Asia,Barley,23.1,1176.7,19,5.92,129.4,68.8,4.01,78.5,4.6,0.0,High
2010,Argentina,South America,Wheat,24.5,1562.7,10,6.11,131.6,60.7,3.5,83.2,5.34,0.0,Low
2003,France,Europe,Soybeans,19.0,1258.2,14,6.74,220.0,50.3,4.46,51.8,4.78,0.0,Moderate
2013,Argentina,South America,Maize,25.7,1438.3,24,,180.7,47.7,4.61,50.5,7.33,1.23,High
2011,Germany,Europe,Maize,20.2,510.0,20,5.9,187.4,68.7,3.92,39.6,7.89,0.0,High
2002,Argentina,South America,Coffee,20.6,1098.9,13,6.49,155.9,,3.93,36.8,3.7,0.0,Moderate
2007,India,South Asia,Coffee,25.5,777.9,21,5.94,96.4,23.8,3.67,51.4,3.1,0.0,High
2025,China,East Asia,Coffee,21.4,1121.5,16,6.85,109.2,66.7,1.29,79.0,3.27,0.0,Moderate
2005,Canada,North America,Maize,10.2,1014.5,8,6.24,183.7,64.3,4.67,48.2,6.39,6.23,Low
2025,United States,North America,Rice,14.2,950.4,20,7.32,199.7,58.4,1.86,93.1,4.42,13.41,High
2015,Australia,Oceania,Rice,20.9,1145.9,25,6.49,167.0,42.4,4.81,60.9,5.91,0.0,High
2012,Indonesia,Southeast Asia,Rice,27.1,939.9,21,6.47,110.1,21.5,4.89,43.0,5.5,0.28,High
2008,India,South Asia,Wheat,24.8,1602.5,21,5.71,32.0,37.5,4.4,40.8,3.96,9.0,High
2006,Germany,Europe,Rice,14.6,732.0,9,6.79,174.4,73.6,3.22,31.3,4.66,4.76,Low
2003,Brazil,South America,Wheat,24.7,1113.2,16,6.48,98.4,29.1,0.71,59.7,4.34,2.96,Moderate
2012,China,East Asia,Barley,22.6,563.7,22,6.57,146.1,31.5,2.45,75.9,4.49,0.0,High
2013,Nigeria,Sub-Saharan Africa,Maize,28.1,771.6,22,6.12,117.2,34.1,3.39,46.0,8.0,0.0,High
2006,Germany,Europe,Coffee,16.0,723.6,11,6.21,197.0,77.9,0.5,65.9,2.54,0.0,Moderate
2006,Germany,Europe,Wheat,16.3,700.5,16,5.85,203.4,55.0,2.62,65.5,4.63,0.0,Moderate
2023,Canada,North America,Rice,13.9,857.1,21,7.06,179.6,79.6,2.23,66.5,4.7,11.53,High
2002,Kenya,Sub-Saharan Africa,Barley,26.7,1119.9,21,7.07,67.0,49.5,3.04,52.0,3.73,5.47,High
2020,China,East Asia,Coffee,16.0,689.6,16,5.9,95.0,72.9,2.75,55.4,1.39,20.64,Moderate
2002,India,South Asia,Wheat,24.7,1579.7,25,7.83,81.8,38.2,4.33,47.6,3.42,17.53,High
2014,India,South Asia,Wheat,24.6,1003.1,25,5.86,92.9,34.8,3.0,46.5,4.29,3.95,High
2020,Australia,Oceania,Maize,21.0,492.5,36,7.1,159.7,32.1,4.2,79.6,6.47,12.11,Severe
2009,China,East Asia,Coffee,21.5,1067.5,12,7.93,156.5,77.8,1.41,45.0,3.22,0.0,Moderate
2007,Australia,Oceania,Maize,22.0,420.0,9,7.09,138.8,35.9,3.63,36.1,7.69,0.0,Low
2014,Germany,Europe,Wheat,16.7,1397.9,13,7.4,125.7,65.2,3.36,62.5,5.45,0.0,Moderate
2000,Argentina,South America,Coffee,20.1,1709.5,10,6.81,91.3,58.6,4.02,40.8,2.66,0.0,Low
2025,Kenya,Sub-Saharan Africa,Maize,27.3,1027.1,27,6.28,90.6,29.1,2.08,51.7,6.51,10.64,High
2025,India,South Asia,Wheat,30.6,1432.3,26,6.94,78.0,46.6,2.28,63.7,2.71,32.1,Severe
2013,France,Europe,Maize,8.7,464.2,4,7.71,136.3,85.4,2.81,58.7,4.76,8.97,Low
2021,Kenya,Sub-Saharan Africa,Soybeans,32.3,656.6,35,6.35,58.4,25.9,2.74,73.7,1.37,68.56,Severe
2014,Indonesia,Southeast Asia,Soybeans,26.0,1416.4,22,6.76,123.2,24.8,2.19,63.7,3.7,0.0,High
2022,Brazil,South America,Coffee,22.5,956.4,23,7.03,107.5,66.2,3.74,37.0,3.43,0.0,High
2014,India,South Asia,Soybeans,28.0,952.0,29,6.66,64.2,26.9,2.76,56.8,3.27,5.98,Severe
2005,Australia,Oceania,Wheat,16.7,921.8,11,6.92,171.7,75.5,3.19,53.6,5.11,0.0,Moderate
2024,United States,North America,Wheat,14.9,1123.4,24,7.24,148.8,66.3,3.57,75.0,3.88,12.71,High
2000,Nigeria,Sub-Saharan Africa,Wheat,24.3,497.1,20,6.83,111.4,27.0,1.68,49.6,4.7,0.0,High
2004,France,Europe,Rice,13.2,919.8,13,,235.5,56.8,4.15,37.3,4.13,9.97,Moderate
2022,China,East Asia,Soybeans,21.0,275.6,21,6.55,132.8,35.1,1.86,91.0,3.92,0.0,Severe
2002,Argentina,South America,Wheat,18.5,1826.2,14,7.37,108.7,73.1,4.65,30.3,4.97,0.0,Moderate
2010,India,South Asia,Rice,27.7,1816.3,23,5.41,77.0,46.1,2.65,41.7,5.48,0.51,High
2017,France,Europe,Rice,14.3,861.5,15,5.39,164.9,82.9,3.59,42.4,4.34,11.71,Moderate
2025,France,Europe,Barley,14.8,722.0,29,7.49,167.4,54.6,2.27,84.3,3.87,4.37,Severe
2022,United States,North America,Maize,18.9,923.1,14,6.14,142.4,57.5,3.76,68.2,7.53,0.0,Moderate
2015,United States,North America,Coffee,13.7,932.1,10,5.88,131.6,44.3,4.21,57.0,0.99,25.1,Low
2012,India,South Asia,Rice,29.1,927.7,38,6.51,134.5,23.7,2.93,47.9,5.13,7.93,Severe
2015,China,East Asia,Coffee,19.1,1016.1,23,7.65,142.2,52.7,3.46,69.5,2.37,0.0,High
2008,France,Europe,Soybeans,17.4,824.2,6,6.35,192.9,41.4,4.59,45.6,4.67,0.0,Low
2025,Indonesia,Southeast Asia,Coffee,27.7,1298.0,29,,127.4,54.0,3.02,92.0,3.06,0.0,Severe
2003,Kenya,Sub-Saharan Africa,Coffee,22.3,1588.3,27,6.35,120.8,17.1,2.4,58.6,2.89,0.0,High
2014,Nigeria,Sub-Saharan Africa,Rice,21.7,1659.2,22,7.61,61.5,59.3,3.83,50.2,4.57,11.31,High
2022,United States,North America,Barley,15.2,1040.4,31,,121.5,55.2,3.43,85.6,4.16,0.0,Severe
2002,Germany,Europe,Rice,7.5,959.5,3,6.06,204.2,76.1,3.55,50.1,2.06,20.75,Low
2003,Kenya,Sub-Saharan Africa,Coffee,24.3,1264.0,23,6.77,83.4,32.6,3.11,33.3,2.65,0.0,High
2000,France,Europe,Wheat,14.7,1090.2,12,6.24,131.5,81.9,2.16,46.9,5.83,0.0,Moderate
2002,Brazil,South America,Soybeans,23.4,1341.7,14,,109.2,66.2,3.21,42.1,3.95,0.0,Moderate
2017,Canada,North America,Soybeans,12.0,862.7,12,6.92,166.4,46.1,2.19,48.6,3.18,3.5,Moderate
2005,Brazil,South America,Rice,21.9,829.7,12,6.38,129.1,29.2,1.19,61.0,6.11,0.0,Moderate
2001,Germany,Europe,Soybeans,15.2,890.7,8,7.08,178.7,83.7,3.59,49.6,3.42,0.53,Low
2007,Australia,Oceania,Soybeans,13.9,774.7,11,6.2,110.9,53.3,3.39,52.0,3.43,0.73,Moderate
2005,Brazil,South America,Maize,20.7,1864.0,12,5.7,113.0,65.8,3.1,34.0,7.07,1.84,Moderate
2024,Nigeria,Sub-Saharan Africa,Wheat,28.4,1184.4,46,6.26,71.0,48.0,4.02,78.1,3.72,23.81,Severe
2019,Canada,North America,Rice,13.6,841.3,17,6.76,169.3,48.9,3.87,65.7,3.71,20.27,Moderate
2013,China,East Asia,Coffee,21.2,855.0,12,6.59,71.7,71.2,3.6,68.4,3.13,0.0,Moderate
2007,Canada,North America,Maize,15.9,986.9,16,5.78,146.4,80.9,2.02,65.8,6.72,5.03,Moderate
2017,United States,North America,Maize,16.2,738.5,12,6.52,210.9,73.0,4.24,59.3,8.24,0.0,Moderate
2020,Canada,North America,Coffee,12.5,757.9,17,6.2,123.0,56.8,3.76,60.8,0.81,33.87,Moderate
2021,Nigeria,Sub-Saharan Africa,Rice,23.7,906.9,30,5.88,90.3,61.0,3.25,79.2,4.43,19.49,Severe
2022,Germany,Europe,Barley,14.9,465.9,24,7.28,197.6,58.4,3.28,70.1,4.14,0.0,High
2011,Nigeria,Sub-Saharan Africa,Coffee,22.2,1314.3,18,7.46,104.5,40.9,3.02,36.1,2.61,0.0,Moderate
2014,India,South Asia,Wheat,26.5,1241.8,27,6.51,113.9,49.2,3.32,50.1,4.29,4.73,High
2019,Kenya,Sub-Saharan Africa,Barley,24.6,717.7,25,6.49,111.0,35.3,2.96,52.5,4.01,1.22,High
2019,Canada,North America,Wheat,8.9,894.1,9,6.47,170.1,67.1,3.57,77.8,4.65,0.0,Low
2000,United States,North America,Wheat,14.3,747.9,10,7.71,203.2,55.8,3.7,38.4,4.7,0.0,Low
2005,India,South Asia,Wheat,27.4,509.8,24,,97.9,59.4,2.94,51.0,3.82,10.27,High
2020,India,South Asia,Barley,31.2,764.4,29,6.35,97.0,35.2,2.66,62.1,2.25,37.51,Severe
2007,Argentina,South America,Coffee,23.4,1147.8,22,6.67,133.1,72.7,1.89,75.9,2.88,0.0,High
2019,India,South Asia,Coffee,25.2,1229.3,26,6.0,52.4,63.6,3.05,81.9,2.48,0.0,High
2019,United States,North America,Maize,13.2,785.9,9,6.67,,79.5,1.43,61.7,6.5,4.52,Low
2017,Kenya,Sub-Saharan Africa,Rice,26.0,1116.3,27,6.52,64.3,49.7,3.29,65.5,5.44,1.33,High
2019,United States,North America,Wheat,17.7,1104.2,24,8.4,200.8,80.5,2.02,65.4,4.68,0.0,High
2000,France,Europe,Barley,14.0,807.1,10,6.4,210.1,62.0,2.31,38.2,5.29,0.0,Low
2003,China,East Asia,Rice,23.6,591.9,13,7.21,155.4,44.7,4.34,49.0,5.5,0.19,Moderate
2006,Indonesia,Southeast Asia,Soybeans,21.6,1449.2,8,6.66,92.6,61.5,4.97,41.7,4.01,0.0,Low
2016,Nigeria,Sub-Saharan Africa,Soybeans,29.4,930.7,36,6.88,119.1,49.4,2.39,57.4,2.75,20.48,Severe
2018,Argentina,South America,Maize,25.6,1769.3,16,6.62,159.1,28.7,4.18,81.2,7.5,0.0,High
2004,United States,North America,Wheat,12.2,870.0,4,6.85,197.7,86.5,3.5,46.8,5.04,0.0,Low
2009,Canada,North America,Barley,12.5,966.0,7,5.55,208.5,,3.75,49.7,4.95,0.0,Low
2024,Canada,North America,Soybeans,8.9,1060.6,17,6.57,108.1,46.4,1.85,93.2,2.04,28.29,Moderate
2011,Nigeria,Sub-Saharan Africa,Wheat,26.7,1539.1,26,6.69,106.5,37.3,1.59,56.1,4.2,5.76,High
2016,France,Europe,Soybeans,8.2,1198.9,14,6.77,132.2,74.5,4.69,47.7,2.22,19.47,Moderate
2021,Brazil,South America,Rice,22.7,1529.8,20,6.22,193.9,,3.04,70.4,5.51,0.1,High
2008,France,Europe,Wheat,14.4,471.6,16,7.79,247.0,88.5,3.11,65.8,5.02,0.0,Moderate
2022,United States,North America,Soybeans,9.8,1051.9,9,5.52,143.0,59.3,4.87,77.4,2.25,10.39,Low
2010,United States,North America,Soybeans,14.7,649.4,14,6.75,197.8,52.7,4.93,72.5,4.01,0.0,Moderate
2010,Argentina,South America,Rice,23.0,2014.3,28,7.12,143.1,36.3,3.88,89.8,5.05,6.96,High
2012,Nigeria,Sub-Saharan Africa,Barley,28.4,1325.7,20,6.88,93.3,23.6,2.04,68.7,3.11,16.09,High
2011,Nigeria,Sub-Saharan Africa,Rice,27.7,2000.7,19,7.17,80.3,34.0,1.62,54.6,5.83,0.0,High
2018,United States,North America,Rice,15.0,1151.3,12,6.01,207.3,52.3,2.9,62.3,5.24,2.69,Moderate
2025,Indonesia,Southeast Asia,Wheat,29.8,423.7,33,6.09,131.1,19.0,2.68,76.3,3.14,31.48,Severe
2021,Nigeria,Sub-Saharan Africa,Maize,26.7,1197.0,31,7.13,120.2,64.4,5.22,67.6,7.16,3.17,Severe
2005,Nigeria,Sub-Saharan Africa,Maize,29.0,862.7,22,7.47,92.9,38.8,3.99,60.3,6.13,11.14,High
2002,India,South Asia,Coffee,23.5,1066.6,9,,133.3,18.9,0.5,51.7,3.16,0.0,Low
2019,Canada,North America,Coffee,16.6,728.9,26,7.05,157.0,85.9,2.65,63.4,2.09,2.7,High
2018,India,South Asia,Rice,25.6,405.8,22,6.78,116.8,32.9,4.01,53.9,5.75,0.0,High
2022,Indonesia,Southeast Asia,Barley,27.5,1521.5,31,7.23,32.6,48.9,4.27,58.9,2.94,27.12,Severe
2009,Australia,Oceania,Maize,22.8,371.4,20,5.41,85.2,68.6,4.83,53.6,6.9,4.62,Severe
2013,Germany,Europe,Rice,17.1,1028.2,20,6.65,115.6,43.1,3.37,52.7,4.95,6.02,High
2015,Kenya,Sub-Saharan Africa,Rice,29.9,1386.6,32,6.03,97.2,15.7,1.99,71.5,4.5,15.33,Severe
2020,France,Europe,Soybeans,10.2,594.3,13,6.17,226.9,45.4,2.82,78.4,3.02,7.12,Moderate
2024,Nigeria,Sub-Saharan Africa,Soybeans,26.6,1290.0,27,7.02,137.5,60.0,4.57,71.9,3.22,6.78,High
2004,United States,North America,Barley,12.9,1023.3,11,6.52,225.4,82.2,1.75,37.4,5.33,0.0,Moderate
2010,Germany,Europe,Maize,19.1,1076.9,17,6.41,178.5,72.7,3.04,38.7,7.26,1.23,Moderate
2006,India,South Asia,Maize,28.0,1307.0,21,6.48,114.3,33.0,4.12,58.3,7.09,3.61,High
2006,Nigeria,Sub-Saharan Africa,Barley,26.4,1210.6,14,5.38,123.0,56.9,3.8,53.1,3.95,1.57,High
2003,Indonesia,Southeast Asia,Wheat,23.9,1228.1,17,6.55,99.9,55.5,3.25,55.1,5.02,0.0,Moderate
2007,Brazil,South America,Coffee,22.6,1098.7,22,6.21,,33.0,4.38,62.9,2.63,0.0,High
2015,Canada,North America,Wheat,15.5,770.6,23,5.89,185.9,74.8,0.75,68.8,5.35,0.0,High
2010,Nigeria,Sub-Saharan Africa,Wheat,29.2,1414.7,25,7.27,66.4,61.3,3.67,71.8,3.57,18.74,High
2013,United States,North America,Soybeans,8.2,802.3,4,7.06,,40.2,3.12,69.0,2.02,15.52,Low
2024,Germany,Europe,Wheat,12.4,968.5,16,6.71,140.8,42.3,5.27,71.5,4.58,0.0,Moderate
2011,Canada,North America,Rice,13.5,961.9,16,6.71,244.2,50.8,3.97,56.4,4.7,7.72,Moderate
2023,Argentina,South America,Wheat,22.4,1105.2,22,7.42,120.0,65.8,1.12,67.1,4.94,0.0,High
2006,Nigeria,Sub-Saharan Africa,Wheat,21.0,1266.8,12,7.0,95.0,37.4,1.48,56.6,4.56,0.0,Moderate
2025,Germany,Europe,Maize,17.0,468.9,17,5.84,93.9,69.5,3.29,78.4,7.54,0.0,Moderate
2013,France,Europe,Barley,11.7,874.4,16,6.87,218.5,77.2,3.71,58.7,4.47,0.0,Moderate
2011,Argentina,South America,Rice,25.1,1825.1,19,7.64,122.2,70.6,0.5,48.3,5.88,0.0,High
2015,France,Europe,Barley,17.7,899.5,20,5.66,248.5,64.6,4.51,72.8,4.88,0.0,High
2005,Canada,North America,Soybeans,19.8,879.5,12,6.55,182.2,70.6,2.47,69.2,4.59,0.0,Moderate
2016,Kenya,Sub-Saharan Africa,Barley,23.1,1290.0,12,7.23,76.4,28.0,4.43,70.1,3.71,3.36,Moderate
2008,France,Europe,Coffee,12.0,1012.1,10,6.55,179.5,48.5,2.18,66.7,1.16,22.59,Low
2004,Kenya,Sub-Saharan Africa,Wheat,28.1,1755.9,12,6.97,119.6,50.0,2.76,47.5,5.1,0.0,High
2024,Nigeria,Sub-Saharan Africa,Soybeans,24.1,1563.3,30,6.55,100.6,,3.68,79.8,4.29,0.0,Severe
2021,Indonesia,Southeast Asia,Soybeans,26.7,1481.7,34,5.52,86.3,35.4,3.38,62.3,2.97,13.03,Severe
2003,Canada,North America,Wheat,17.7,800.5,11,6.07,174.5,72.0,4.41,48.9,5.66,0.0,Moderate
2023,Brazil,South America,Wheat,24.2,1101.8,22,5.96,96.3,51.8,4.39,73.0,4.99,0.0,High
2022,Indonesia,Southeast Asia,Barley,28.0,402.8,32,5.42,86.8,25.2,1.03,73.6,2.47,34.99,Severe
2006,Australia,Oceania,Soybeans,25.4,648.7,28,6.52,78.7,45.6,2.6,42.8,3.0,13.28,High
2005,Canada,North America,Soybeans,14.7,637.0,11,6.81,151.6,88.5,4.5,53.3,3.61,0.0,Moderate
2011,Canada,North America,Soybeans,20.0,988.9,25,6.82,182.9,41.7,3.34,60.9,4.72,0.0,High
2002,Kenya,Sub-Saharan Africa,Barley,22.3,1339.0,18,6.16,120.4,61.1,3.89,63.3,5.1,0.0,Moderate
2009,China,East Asia,Wheat,23.8,639.3,20,5.82,124.2,66.1,1.7,83.4,4.61,0.0,High
2010,Germany,Europe,Barley,17.9,700.8,15,6.43,201.6,63.6,2.03,43.3,4.82,0.0,Moderate
2011,United States,North America,Rice,18.9,740.4,21,7.02,176.2,54.3,2.31,78.0,5.36,2.0,High
2011,Nigeria,Sub-Saharan Africa,Barley,25.9,473.1,17,5.82,83.4,37.0,3.06,63.5,3.83,2.91,High
2023,China,East Asia,Soybeans,15.0,466.4,18,6.91,123.2,48.1,3.02,95.2,3.2,3.97,Moderate
2000,India,South Asia,Maize,24.9,1641.4,21,7.47,48.7,51.6,4.25,45.2,6.23,10.47,High
2008,Kenya,Sub-Saharan Africa,Barley,24.5,1447.3,22,6.35,48.0,60.3,1.7,52.7,3.74,5.38,High
2016,China,East Asia,Barley,20.6,600.6,13,7.89,129.0,53.1,3.68,83.2,4.8,0.0,Moderate
2017,Argentina,South America,Barley,23.4,1188.9,21,,163.2,41.3,3.7,78.6,4.09,0.0,High
2008,Indonesia,Southeast Asia,Wheat,27.7,1405.8,16,7.27,53.7,53.9,3.16,52.6,4.12,5.07,High
2014,Argentina,South America,Rice,19.5,1993.0,20,5.85,198.4,68.8,2.43,29.7,5.62,0.0,High
2024,United States,North America,Wheat,18.1,1232.4,28,6.83,214.2,47.4,3.19,44.4,5.35,0.0,High
2007,Indonesia,Southeast Asia,Coffee,29.8,1779.4,24,5.78,82.6,35.3,4.44,52.5,2.3,0.0,Severe
2025,Australia,Oceania,Coffee,19.9,1107.9,17,7.4,123.8,57.1,2.5,69.7,2.67,0.0,Moderate
2015,Kenya,Sub-Saharan Africa,Barley,30.7,1151.9,22,6.89,48.8,37.2,2.81,68.6,3.09,15.52,Severe
2012,Argentina,South America,Maize,20.0,1176.0,21,7.48,152.7,27.9,2.76,59.4,7.52,0.0,High
2001,Indonesia,Southeast Asia,Wheat,28.2,1215.7,20,6.41,56.6,25.8,3.66,79.7,3.68,14.6,High
2012,India,South Asia,Barley,28.1,1365.4,21,6.75,122.9,47.1,3.08,53.1,3.59,8.81,High
2001,France,Europe,Maize,12.8,505.9,6,6.29,182.4,83.9,5.14,44.0,7.26,0.84,Low
2008,Canada,North America,Soybeans,14.2,847.3,16,6.59,158.1,73.0,4.56,44.8,4.33,0.0,Moderate
2019,India,South Asia,Coffee,29.8,1460.1,35,5.64,104.9,21.2,3.07,60.2,1.44,33.97,Severe
2008,Australia,Oceania,Coffee,21.1,319.4,15,7.16,144.0,59.5,2.85,53.5,2.61,0.0,Severe
2008,Australia,Oceania,Coffee,23.7,785.7,15,7.09,172.6,43.1,2.97,66.0,3.34,0.0,Moderate
2019,Indonesia,Southeast Asia,Maize,24.1,1252.8,31,6.57,110.5,52.3,4.2,53.6,8.04,0.0,Severe
2007,Nigeria,Sub-Saharan Africa,Rice,25.7,1476.7,29,7.38,94.3,,3.78,54.7,5.37,2.54,Severe
2007,India,South Asia,Wheat,22.4,1105.8,22,5.61,111.6,54.3,4.47,49.4,5.28,0.0,High
2005,Brazil,South America,Soybeans,21.7,1009.1,16,6.68,116.5,34.7,2.52,47.3,4.43,0.0,Moderate
2013,Nigeria,Sub-Saharan Africa,Soybeans,31.4,979.0,23,6.92,,21.7,2.03,51.7,2.39,25.82,Severe
2019,Kenya,Sub-Saharan Africa,Coffee,27.2,1513.6,37,6.31,121.7,27.9,3.64,84.9,2.98,0.0,Severe
2001,Kenya,Sub-Saharan Africa,Coffee,27.6,1309.9,25,7.65,70.2,20.3,4.87,37.5,2.65,0.0,High
2019,China,East Asia,Wheat,20.0,400.5,17,6.13,172.2,46.9,4.1,66.6,6.03,0.0,Moderate
2014,France,Europe,Wheat,12.9,1094.2,14,6.97,233.4,58.2,2.69,82.5,5.44,0.0,Moderate
2012,Argentina,South America,Wheat,20.8,1227.1,16,6.02,130.2,66.9,1.86,53.2,5.64,0.0,Moderate
2020,France,Europe,Coffee,10.0,906.7,13,6.45,166.9,72.7,5.15,65.4,0.47,47.72,Moderate
2025,Germany,Europe,Soybeans,16.1,499.8,28,6.95,161.4,89.6,1.85,87.8,4.01,0.0,High
2019,Germany,Europe,Coffee,15.0,855.6,12,5.52,149.1,46.5,3.34,64.3,1.47,17.72,Moderate
2013,Indonesia,Southeast Asia,Rice,23.7,1228.5,21,6.74,86.5,37.1,3.34,49.6,5.26,2.93,High
2004,Germany,Europe,Coffee,10.6,990.0,13,7.07,217.6,85.0,1.11,49.1,0.89,33.7,Moderate
2012,Kenya,Sub-Saharan Africa,Maize,25.5,1293.0,26,6.67,119.8,35.6,4.87,59.5,7.77,0.0,High
2002,China,East Asia,Coffee,22.8,661.0,8,5.94,136.2,51.0,3.2,20.5,3.24,0.0,Low
2023,Germany,Europe,Soybeans,12.6,520.3,21,6.31,212.7,50.1,2.95,60.1,3.49,0.0,High
2007,Brazil,South America,Rice,25.6,1493.6,19,7.48,132.8,,4.88,47.2,5.94,0.0,High
2000,Kenya,Sub-Saharan Africa,Coffee,25.3,811.1,17,7.24,143.2,27.3,2.01,63.7,2.96,0.0,High
2006,Canada,North America,Soybeans,16.9,966.2,12,6.98,200.7,68.1,1.75,78.0,4.13,0.0,Moderate
2004,India,South Asia,Coffee,26.1,788.2,17,7.07,89.5,63.2,2.63,62.9,3.04,0.0,High
2002,Indonesia,Southeast Asia,Soybeans,23.9,652.2,7,6.77,91.9,33.4,1.28,54.6,4.21,0.0,Low
2001,France,Europe,Maize,15.7,821.3,13,5.66,190.9,48.1,3.42,63.1,7.26,1.24,Moderate
2021,Nigeria,Sub-Saharan Africa,Maize,27.4,580.0,29,5.92,85.0,32.7,3.69,79.6,7.07,3.83,Severe
2015,Canada,North America,Coffee,16.3,950.1,14,6.24,211.9,86.6,3.65,65.4,2.83,0.0,Moderate
2020,Australia,Oceania,Barley,23.6,824.8,17,6.33,164.1,32.4,5.52,53.4,5.11,0.0,Moderate
2016,Argentina,South America,Soybeans,24.4,1520.8,26,6.48,99.9,73.9,3.16,65.8,4.27,0.0,High
2021,Australia,Oceania,Barley,19.6,468.6,21,6.25,160.0,71.5,4.21,48.8,4.71,0.0,High
2011,Indonesia,Southeast Asia,Barley,28.9,1582.6,15,6.48,67.8,60.6,3.28,47.9,3.8,3.12,High
2011,Indonesia,Southeast Asia,Barley,26.2,1408.0,27,7.49,90.8,,3.46,56.5,3.6,8.63,High
2012,United States,North America,Soybeans,5.0,813.6,7,7.05,320.7,87.8,5.22,50.8,1.67,22.11,Low
2014,Brazil,South America,Soybeans,24.0,1347.3,29,6.5,114.7,58.0,3.95,38.3,4.27,0.0,Severe
2025,France,Europe,Wheat,14.8,1018.1,18,6.41,248.6,53.0,3.28,93.5,5.76,0.0,Moderate
2008,United States,North America,Soybeans,12.1,908.6,15,6.56,83.3,,3.96,46.0,3.09,6.22,Moderate
2014,China,East Asia,Rice,17.8,679.2,11,7.35,123.7,71.5,4.07,63.4,4.97,3.52,Moderate
2005,Canada,North America,Coffee,9.0,1001.9,6,6.59,150.1,40.9,4.87,66.8,0.4,21.14,Low
2023,Kenya,Sub-Saharan Africa,Wheat,27.9,1160.3,28,7.33,126.1,17.0,2.97,75.3,3.71,15.37,High
2002,Germany,Europe,Rice,8.9,616.1,4,5.7,167.6,87.7,3.03,68.9,2.85,12.4,Low
2013,United States,North America,Barley,14.4,772.3,13,5.78,186.7,67.4,2.75,44.1,4.81,0.0,Moderate
2020,Argentina,South America,Wheat,30.5,1385.1,31,7.78,133.0,63.2,3.43,83.8,2.94,33.07,Severe
2024,France,Europe,Rice,15.9,761.8,23,7.42,132.8,58.8,3.26,88.6,4.34,13.04,High
2013,Kenya,Sub-Saharan Africa,Maize,29.6,1206.2,25,6.12,74.6,50.3,2.02,25.1,5.67,18.03,Severe
2004,Kenya,Sub-Saharan Africa,Barley,30.2,884.7,24,4.8,85.5,18.7,3.07,29.3,2.22,31.88,Severe
2000,France,Europe,Coffee,13.9,1104.7,3,5.82,144.9,53.7,2.57,14.5,1.74,5.88,Low
2005,India,South Asia,Wheat,28.3,1049.2,23,6.92,84.1,47.9,4.51,45.7,4.19,6.16,High
2025,Nigeria,Sub-Saharan Africa,Coffee,33.2,797.8,48,5.22,116.7,15.6,2.25,68.4,1.28,57.42,Severe
2016,Germany,Europe,Wheat,8.9,957.1,4,5.94,164.8,50.5,2.73,50.6,4.35,1.65,Low
2002,Indonesia,Southeast Asia,Barley,23.1,777.5,15,6.48,73.9,29.6,4.0,45.0,4.6,0.0,Moderate
2000,United States,North America,Coffee,13.6,705.4,5,4.88,194.0,68.1,3.59,43.4,1.15,12.47,Low
2022,Canada,North America,Rice,15.4,1142.1,19,6.77,152.0,57.1,2.5,76.2,5.24,3.19,High
2003,Kenya,Sub-Saharan Africa,Barley,29.7,1839.0,27,5.74,117.9,25.5,2.26,38.3,3.01,23.0,Severe
2024,United States,North America,Coffee,18.4,778.0,26,6.39,168.8,41.2,2.86,54.2,2.48,0.0,High
2008,India,South Asia,Coffee,28.1,1229.4,19,6.47,54.5,,3.37,72.7,2.81,0.0,High
2020,Indonesia,Southeast Asia,Barley,27.5,1036.1,25,6.72,88.9,62.7,4.03,82.1,3.97,2.07,High
2020,Australia,Oceania,Rice,25.0,214.2,24,6.68,97.8,77.4,2.42,75.5,6.23,0.0,Severe
2008,Indonesia,Southeast Asia,Barley,25.4,900.0,16,6.38,59.3,63.8,3.68,52.3,4.82,0.0,High
2014,Kenya,Sub-Saharan Africa,Rice,25.4,1662.8,22,6.99,94.2,55.3,2.39,49.8,5.68,0.0,High
2009,India,South Asia,Coffee,24.6,1230.2,16,6.35,132.1,60.9,2.97,41.8,3.01,0.0,Moderate
2023,India,South Asia,Wheat,26.4,1094.3,34,6.39,93.7,50.4,1.21,77.9,4.0,13.14,Severe
2014,China,East Asia,Rice,17.1,192.0,19,5.87,118.4,56.0,3.33,50.9,4.68,9.94,Severe
2008,China,East Asia,Coffee,18.7,667.8,10,5.98,156.4,33.1,3.31,65.2,2.38,0.0,Low
2021,Australia,Oceania,Coffee,28.5,150.0,35,6.22,108.3,64.7,3.1,76.1,2.6,0.0,Severe
2001,France,Europe,Soybeans,13.6,1005.7,6,6.98,174.1,76.8,3.46,35.4,3.14,3.69,Low
2024,Australia,Oceania,Wheat,17.0,529.0,25,7.44,143.7,45.6,2.96,62.4,4.86,0.0,High
2009,Nigeria,Sub-Saharan Africa,Soybeans,28.4,960.4,24,6.01,99.9,,3.2,84.6,3.66,0.0,High
2009,Kenya,Sub-Saharan Africa,Wheat,26.8,1203.6,11,6.36,85.9,17.9,2.68,36.8,4.11,3.81,High
2022,China,East Asia,Barley,22.1,402.7,37,5.46,84.5,44.6,4.34,58.2,3.7,9.42,Severe
2024,Argentina,South America,Wheat,22.8,1747.4,25,7.16,160.1,72.5,1.53,77.2,4.72,0.0,High
2016,Brazil,South America,Barley,23.0,945.1,23,6.43,122.8,47.0,3.88,75.9,5.04,0.0,High
2009,Argentina,South America,Rice,20.7,1218.8,13,6.11,161.7,53.1,2.21,77.2,5.97,0.0,Moderate
2011,United States,North America,Rice,17.8,541.6,13,5.55,189.8,83.2,2.79,59.3,5.11,4.44,Moderate
2013,Nigeria,Sub-Saharan Africa,Maize,28.2,1697.3,29,6.03,78.6,43.2,3.72,60.1,6.5,10.45,Severe
2018,Nigeria,Sub-Saharan Africa,Barley,28.2,1151.5,32,6.35,135.2,48.7,4.49,49.7,4.22,0.0,Severe
2006,Argentina,South America,Coffee,20.0,1177.1,8,6.59,194.7,49.1,3.24,70.3,3.26,0.0,Low
2023,China,East Asia,Coffee,22.5,457.6,32,5.63,142.0,40.0,4.36,60.1,2.78,0.0,Severe
2006,Indonesia,Southeast Asia,Rice,25.4,617.6,20,8.02,74.7,34.1,3.15,48.3,5.07,6.28,High
2007,United States,North America,Maize,20.0,965.5,14,7.68,173.9,65.7,1.84,38.8,7.53,0.0,Moderate
2020,Canada,North America,Maize,15.6,1137.3,18,6.56,144.2,80.8,4.44,92.7,7.82,0.0,Moderate
2011,Nigeria,Sub-Saharan Africa,Coffee,23.2,889.1,18,5.94,76.7,,4.14,41.8,3.06,0.0,Moderate
2022,China,East Asia,Rice,22.9,418.1,31,6.71,89.3,70.2,3.28,80.7,5.07,7.95,Severe
2018,Germany,Europe,Wheat,16.9,1419.2,18,6.32,224.3,87.3,2.19,98.0,5.89,0.0,Moderate
2003,Argentina,South America,Maize,19.4,1782.5,11,6.67,83.7,26.1,4.27,29.0,7.33,0.47,Moderate
2013,Canada,North America,Maize,14.1,493.5,13,6.52,171.6,49.0,3.22,67.1,7.59,0.0,Moderate
2001,Indonesia,Southeast Asia,Soybeans,28.6,1547.7,18,5.89,109.7,60.1,3.4,69.2,3.78,0.0,High
2013,Canada,North America,Barley,12.3,778.8,13,6.48,230.9,,3.34,55.0,4.76,0.0,Moderate
2023,Argentina,South America,Maize,23.8,1205.7,20,7.77,,54.3,1.49,77.4,7.35,0.88,High
2005,Brazil,South America,Barley,22.1,1543.7,16,7.31,152.7,52.7,2.9,45.9,4.84,0.0,Moderate
2020,Indonesia,Southeast Asia,Coffee,27.3,1434.0,29,7.28,75.8,15.6,5.0,74.0,2.48,0.0,Severe
2023,Brazil,South America,Soybeans,25.2,1469.9,22,7.06,188.7,54.4,2.48,51.9,4.46,0.0,High
2002,Canada,North America,Rice,13.9,804.2,6,6.72,167.5,82.6,3.21,42.5,5.02,2.59,Low
2011,Germany,Europe,Soybeans,8.4,1061.7,7,7.58,104.6,54.3,2.91,72.3,2.12,17.91,Low
2006,Argentina,South America,Maize,22.7,1090.6,13,6.1,180.0,49.8,4.06,52.9,8.25,0.0,Moderate
2014,Nigeria,Sub-Saharan Africa,Rice,25.9,1404.4,26,6.52,98.7,,3.5,75.4,5.6,0.0,High
2025,China,East Asia,Rice,23.9,392.4,25,6.42,160.2,30.8,3.91,85.9,5.91,0.0,Severe
2012,Kenya,Sub-Saharan Africa,Soybeans,26.9,601.6,25,5.28,22.7,57.9,4.45,77.2,3.39,1.75,High
2004,Canada,North America,Maize,9.4,713.8,3,7.14,127.8,76.7,1.94,38.5,5.1,7.44,Low
2011,Argentina,South America,Coffee,22.2,1420.5,19,7.12,114.8,39.8,3.48,60.2,2.5,0.0,High
2019,Australia,Oceania,Coffee,23.3,613.9,20,6.24,149.2,78.0,3.72,72.6,2.89,0.0,High
2025,United States,North America,Coffee,16.3,670.9,24,7.24,163.3,45.9,4.02,78.9,2.15,0.38,High
2007,Indonesia,Southeast Asia,Soybeans,29.8,1525.2,17,5.84,121.5,28.2,3.5,65.9,3.76,0.0,Severe
2025,Argentina,South America,Wheat,22.4,1313.0,38,5.7,138.6,39.3,4.16,78.0,3.85,18.84,Severe
2016,Indonesia,Southeast Asia,Wheat,30.5,1480.0,18,6.22,94.1,55.0,1.44,94.3,3.73,9.79,Severe
2018,India,South Asia,Barley,25.3,1958.7,25,5.73,93.5,22.2,0.85,67.9,3.42,13.96,High
2006,India,South Asia,Rice,28.4,1381.8,21,6.23,,38.9,0.68,55.4,5.34,2.34,High
2015,Canada,North America,Coffee,10.2,807.4,11,6.41,166.4,40.4,4.04,57.3,0.4,38.72,Moderate
2009,Nigeria,Sub-Saharan Africa,Rice,27.8,1293.7,23,6.8,105.1,47.5,4.02,53.9,5.38,1.86,High
2025,France,Europe,Rice,10.4,992.4,18,6.51,145.2,78.6,2.75,59.4,3.5,24.16,Moderate
2002,Argentina,South America,Coffee,20.4,1281.8,9,5.68,120.0,63.6,4.93,39.2,3.33,0.0,Low
2024,Brazil,South America,Wheat,25.9,1309.5,23,6.93,148.5,68.8,3.07,51.2,4.78,0.0,High
2004,Australia,Oceania,Wheat,23.8,627.0,19,7.98,123.9,74.7,2.66,40.7,4.06,7.42,High
2018,Canada,North America,Coffee,17.7,892.3,18,,147.6,54.4,3.26,85.2,2.3,0.0,Moderate
2008,China,East Asia,Maize,21.1,348.5,12,6.82,115.6,36.8,2.79,51.1,7.17,1.89,Severe
2007,Argentina,South America,Rice,24.4,1030.9,23,6.34,109.8,65.9,1.97,35.3,5.58,0.0,High
2008,United States,North America,Soybeans,9.1,890.3,3,6.83,211.6,58.1,4.57,58.4,2.37,5.87,Low
2005,United States,North America,Barley,9.8,1003.3,8,5.42,180.0,52.0,3.14,48.2,3.92,1.31,Low
2005,Nigeria,Sub-Saharan Africa,Barley,32.3,1014.7,31,7.17,67.4,41.0,4.07,69.1,2.2,44.2,Severe
2009,Kenya,Sub-Saharan Africa,Wheat,24.5,1256.9,21,6.47,98.1,49.0,4.07,54.7,5.11,0.0,High
2022,France,Europe,Barley,16.7,757.8,25,6.35,175.3,57.8,2.48,71.9,5.45,0.0,High
2013,Nigeria,Sub-Saharan Africa,Coffee,30.6,1293.2,26,5.78,88.6,61.2,3.66,77.9,2.5,0.0,Severe
2006,Brazil,South America,Maize,20.8,1133.6,17,6.61,64.7,67.1,2.32,24.3,6.75,5.41,Moderate
2002,India,South Asia,Wheat,29.3,1358.3,34,6.67,74.6,30.0,4.77,18.7,3.24,28.26,Severe
2003,Nigeria,Sub-Saharan Africa,Rice,27.3,821.9,20,5.2,141.8,18.3,2.77,59.2,5.58,0.0,High
